month,day,year,site,occurrences,url
3,26,2016,quebec.huffingtonpost.ca,http://quebec.huffingtonpost.ca/pascal-ordonneau/monnaie-cryptee-bitcoin-nouvel-utilisateur-bitcoins_b_9519288.html
3,26,2016,cryptocoinsnews.com,https://www.cryptocoinsnews.com/terrorism-crypto-connection-european-control-bitcoin/
3,26,2016,news.finance.ua,http://news.finance.ua/ru/news/-/371932/cherez-20-let-bitcoin-budet-stoit-nol-mnenie
3,26,2016,newsbtc.com,http://www.newsbtc.com/2016/03/25/whats-first-bitcoin-ransomware/
3,26,2016,cbslocal.com,http://sanfrancisco.cbslocal.com/2016/03/25/bitcoin-atm-unveiled-in-san-franciscos-mission-district/
3,26,2016,newsbtc.com,http://www.newsbtc.com/2016/03/26/isil-bitcoin-usd-funding/
3,26,2016,coindesk.com,http://www.coindesk.com/bitcoin-prices-steady-as-subsidy-halving-inches-closer/
3,26,2016,coindesk.com,http://www.coindesk.com/land-1000-bitcoin-wallets/
3,26,2016,coinreport.net,https://coinreport.net/sun-exchange-using-bitcoin-solar-energy-investment/
3,26,2016,quebec.huffingtonpost.ca,http://quebec.huffingtonpost.ca/pascal-ordonneau/monnaie-cryptee-bitcoin-nouvel-utilisateur-bitcoins_b_9519288.html
3,26,2016,cointelegraph.com,http://cointelegraph.com/news/getting-paid-in-bitcoin-to-write-on-bitcoin-independent-media-runs-on-cryptocurrency
3,26,2016,suarapembaruan.com,http://www.suarapembaruan.com/home/pakar-blockchain-bisa-cegah-korupsi/111952
3,26,2016,afr.com,http://www.afr.com/business/banking-and-finance/blockchain-reaction-could-blow-away-stock-markets-20160318-gnltf4
3,26,2016,smh.com.au,http://www.smh.com.au/business/banking-and-finance/blockchain-reaction-could-blow-away-stock-markets-20160318-gnltf4
3,26,2016,beritasatu.com,http://sp.beritasatu.com/home/pakar-blockchain-bisa-cegah-korupsi/111952
3,26,2016,theage.com.au,http://www.theage.com.au/business/banking-and-finance/blockchain-reaction-could-blow-away-stock-markets-20160318-gnltf4.html
3,26,2016,smh.com.au,http://www.smh.com.au/business/banking-and-finance/blockchain-reaction-could-blow-away-stock-markets-20160318-gnltf4.html
3,26,2016,smh.com.au,http://www.smh.com.au//business/banking-and-finance/blockchain-reaction-could-blow-away-stock-markets-20160318-gnltf4.html
3,26,2016,brisbanetimes.com.au,http://www.brisbanetimes.com.au/business/banking-and-finance/blockchain-reaction-could-blow-away-stock-markets-20160318-gnltf4.html
3,27,2016,nypost.com,http://nypost.com/2016/03/26/new-physical-wallet-keeps-your-bitcoins-safe-and-sound/
3,27,2016,breitbart.com,http://www.breitbart.com/big-government/2016/03/27/bitcoin-is-crushing-bank-fees-in-emerging-economies/
3,27,2016,bravenewcoin.com,http://bravenewcoin.com/news/buy-bitcoin-with-cash-at-up-to-633000-outlets-in-over-40-countries/
3,27,2016,newsbtc.com,http://www.newsbtc.com/2016/03/27/viability-bitcoin-full-reserve-banking-scenario/
3,27,2016,coindesk.com,http://www.coindesk.com/bitcoin-and-blockchain-startups-not-immune-from-selective-investors/
3,27,2016,ta3.com,http://www.ta3.com/clanok/1080830/buducnost-virtualnej-meny-bitcoin-zostava-nejasna.html
3,27,2016,nypost.com,http://nypost.com/2016/03/26/new-physical-wallet-keeps-your-bitcoins-safe-and-sound/
3,27,2016,taringa.net,http://www.taringa.net/posts/info/19351709/BitPay-anuncia-su-propuesta-para-la-escalabilidad-de-Bitcoin.html
3,27,2016,theage.com.au,http://www.theage.com.au//business/banking-and-finance/blockchain-reaction-could-blow-away-stock-markets-20160318-gnltf4.html
3,27,2016,coindesk.com,http://www.coindesk.com/bitcoin-and-blockchain-startups-not-immune-from-selective-investors/
3,27,2016,cryptocoinsnews.com,https://www.cryptocoinsnews.com/coinify-teams-with-hong-kong-provider-to-offer-blockchain-payments-to-asian-merchants/
3,27,2016,watoday.com.au,http://www.watoday.com.au/business/banking-and-finance/blockchain-reaction-could-blow-away-stock-markets-20160318-gnltf4.html
3,27,2016,canberratimes.com.au,http://www.canberratimes.com.au/business/banking-and-finance/blockchain-reaction-could-blow-away-stock-markets-20160318-gnltf4.html
3,27,2016,newsbtc.com,http://www.newsbtc.com/2016/03/27/can-ethereum-surpass-us1bn-market-cap/
3,28,2016,techweez.com,http://www.techweez.com/2013/11/22/virgin-accept-bitcoins-payment-method/
3,28,2016,wwwhatsnew.com,http://wwwhatsnew.com/2016/03/28/shake-app-que-permitira-pagar-con-bitcoins-en-cualquier-lugar-gracias-a-la-tecnologia-nfc/
3,28,2016,coindesk.com,http://www.coindesk.com/bitcoin-bad-reputation/
3,28,2016,pctechmag.com,http://pctechmag.com/2016/03/bitcoin-crushing-bank-fees-in-emerging-markets/
3,28,2016,nytimes.com,http://news.blogs.nytimes.com/2016/03/28/morning-agenda-ethereum-challenges-bitcoin/
3,28,2016,cryptocoinsnews.com,https://www.cryptocoinsnews.com/mike-hearn-problem-bitcoin-terrible-leader/
3,28,2016,cointelegraph.com,http://cointelegraph.com/news/eu-cracking-down-on-bitcoin-anonymity-sparks-a-debate-about-privacy
3,28,2016,econotimes.com,http://www.econotimes.com/Bitcoin-Hardware-Wallet-KeepKey-Massively-Cuts-Price-185176
3,28,2016,wenatcheeworld.com,http://www.wenatcheeworld.com/news/2016/mar/27/a-compromise-for-a-bitcoin/
3,28,2016,coindesk.com,http://www.coindesk.com/coinkite-consumer-wallet-enterprise-bitcoin-hardware/
3,28,2016,wwwhatsnew.com,http://wwwhatsnew.com/2016/03/28/shake-app-que-permitira-pagar-con-bitcoins-en-cualquier-lugar-gracias-a-la-tecnologia-nfc/
3,28,2016,bitcoinist.net,http://bitcoinist.net/android-bitcoin-users-beware-stagefright-metaphor-code-released-on-github/
3,28,2016,bitcoinmagazine.com,https://bitcoinmagazine.com/articles/the-bank-of-england-s-rscoin-an-experiment-for-central-banks-or-a-bitcoin-alternative-1459183955
3,28,2016,bitcoinist.net,http://bitcoinist.net/cryptowoo-payment-plugin-webshops/
3,28,2016,econotimes.com,http://www.econotimes.com/Russian-Bitcoin-Ban-Law-To-Enter-Duma-Before-The-End-Of-Spring-Session-185078
3,28,2016,newsbtc.com,http://www.newsbtc.com/2016/03/28/coinkite-to-terminate-bitcoin-web-wallets-and-focus-on-hardware/
3,28,2016,pymnts.com,http://www.pymnts.com/news/bitcoin-tracker/2016/bitcoin-payments-go-nfc/
3,28,2016,techweez.com,http://www.techweez.com/2013/11/22/virgin-accept-bitcoins-payment-method/
3,28,2016,cryptocoinsnews.com,https://www.cryptocoinsnews.com/coinkite-ends-bitcoin-web-wallet/
3,28,2016,pymnts.com,http://www.pymnts.com/news/b2b-payments/2016/microsoft-adds-more-blockchains-to-azure-service/
3,28,2016,pymnts.com,http://www.pymnts.com/news/b2b-payments/2016/microsoft-adds-more-blockchains-to-azure-service/
3,28,2016,econotimes.com,http://www.econotimes.com/Dutch-Central-Bank-To-Develop-Prototype-Coin-Based-On-Blockchain-Technology-185070
3,28,2016,coindesk.com,http://www.coindesk.com/ieee-blockchain-oxford-cloud-computing/
3,28,2016,cryptocoinsnews.com,https://www.cryptocoinsnews.com/decentral-and-ethereum-canada-to-present-blockchain-world-expo-sept-19-21-in-toronto/
3,28,2016,coindesk.com,http://www.coindesk.com/fsa-minister-asia-competitive-edge-blockchain-tech/
3,28,2016,xconomy.com,http://www.xconomy.com/wisconsin/2016/03/28/shark-tank-blockchain-water-tech-this-weeks-wisconsin-watchlist/
3,28,2016,cryptocoinsnews.com,https://www.cryptocoinsnews.com/asx-committed-to-blockchain/
3,28,2016,money-marketuk.com,http://www.money-marketuk.com/business-and-finance/blockchain-the-rising-trend
3,28,2016,cryptocoinsnews.com,https://www.cryptocoinsnews.com/eris-ledger-blockchain/
3,28,2016,ibtimes.co.uk,http://www.ibtimes.co.uk/ibm-blockchain-leader-jerry-cuomo-using-shadowchains-launch-moonshots-1551843
3,28,2016,nytimes.com,http://news.blogs.nytimes.com/2016/03/28/morning-agenda-ethereum-challenges-bitcoin/
3,28,2016,cryptocoinsnews.com,https://www.cryptocoinsnews.com/chris-derose-ethereum-hype-no-substance/
3,28,2016,cryptocoinsnews.com,https://www.cryptocoinsnews.com/ethereum-rise-growth-new-york-times/
3,28,2016,cryptocoinsnews.com,https://www.cryptocoinsnews.com/decentral-and-ethereum-canada-to-present-blockchain-world-expo-sept-19-21-in-toronto/
3,28,2016,newsbtc.com,http://www.newsbtc.com/2016/03/28/counterparty-founder-ethereum-cant-work-100-hype/
3,29,2016,numerama.com,http://www.numerama.com/politique/155922-le-senat-debattra-de-la-regulation-des-bitcoins.html
3,29,2016,pymnts.com,http://www.pymnts.com/news/blockchain-distributed-ledger/2016/bitcoins-rival-catches-finance-tech-giants-attention/
3,29,2016,econotimes.com,http://www.econotimes.com/Coinkite-Shuts-Down-Bitcoin-Web-Wallet-Service-185492
3,29,2016,blacklistednews.com,http://www.blacklistednews.com/_Bitcoin_Could_Consume_as_Much_Electricity_as_Denmark_by_2020/50107/0/38/38/Y/M.html
3,29,2016,bitcoinist.net,http://bitcoinist.net/money-over-ip-follows-the-footsteps-of-voip/
3,29,2016,themarketmogul.com,http://themarketmogul.com/what-is-the-future-of-bitcoin/
3,29,2016,bitcoinmagazine.com,https://bitcoinmagazine.com/articles/bitcoin-wallets-as-swiss-bank-accounts-the-developer-s-perspective-1459261829
3,29,2016,cointelegraph.com,http://cointelegraph.com/news/bitcoin-payroll-hits-germany-bitpay-partnering-with-pey
3,29,2016,businessinsider.in,http://www.businessinsider.in/A-London-fintech-startup-said-it-would-only-join-a-fintech-group-if-it-could-pay-its-membership-in-bitcoin/articleshow/51599235.cms
3,29,2016,cityam.com,http://www.cityam.com/237701/coinkite-drops-bitcoin-wallet-to-refocus-on-cryptocurrency-hardware
3,29,2016,vice.com,http://motherboard.vice.com/read/bitcoin-could-consume-as-much-electricity-as-denmark-by-2020
3,29,2016,nasdaq.com,http://www.nasdaq.com/article/bitcoin-wallets-as-swiss-bank-accounts-the-developers-perspective-cm598863
3,29,2016,newsbtc.com,http://www.newsbtc.com/2016/03/29/french-senate-will-debate-bitcoin-regulation/
3,29,2016,coindesk.com,http://www.coindesk.com/bitcoin-undervalued-200-needham-report/
3,29,2016,coinspeaker.com,http://www.coinspeaker.com/2016/03/29/top-10-biggest-names-in-bitcoin-and-blockchain-industries/
3,29,2016,cryptocoinsnews.com,https://www.cryptocoinsnews.com/russias-bitcoin-ban-proposal-likely-enter-duma-august/
3,29,2016,rador.ro,http://www.rador.ro/2016/03/29/rivalul-monedei-bitcoin-creatia-unui-rus-care-s-a-apreciat-cu-1-000-in-trei-luni/
3,29,2016,businessinsider.com.au,http://www.businessinsider.com.au/bitfury-said-it-would-only-join-innovate-finance-if-it-could-pay-its-membership-in-bitcoin-2016-3
3,29,2016,news.finance.ua,http://news.finance.ua/ru/news/-/372425/v-kazahstane-sozdadut-analog-bitcoin
3,29,2016,pymnts.com,http://www.pymnts.com/news/blockchain-distributed-ledger/2016/bitcoins-rival-catches-finance-tech-giants-attention/
3,29,2016,numerama.com,http://www.numerama.com/politique/155922-le-senat-debattra-de-la-regulation-des-bitcoins.html
3,29,2016,bankingtech.com,http://www.bankingtech.com/464512/dutch-central-bank-mulls-new-blockchain-currency/
3,29,2016,ifre.com,http://www.ifre.com/dtcc-dah-to-develop-repo-blockchain-solution/21240889.article
3,29,2016,efinancialnews.com,http://www.efinancialnews.com/story/2016-01-26/five-takeaways-dtcc-blockchain-white-paper
3,29,2016,cointelegraph.com,http://cointelegraph.com/news/how-to-invest-in-blockchain-startups-thanks-to-siamosoci
3,29,2016,econotimes.com,http://www.econotimes.com/BTC-Medias-Inaugural-Blockchain-Conference-To-Be-Held-In-June-185590
3,29,2016,econotimes.com,http://www.econotimes.com/Asia-Has-Competitive-Edge-In-Blockchain-Technology-Japans-FSA-Official-Says-185514
3,29,2016,ibtimes.co.uk,http://www.ibtimes.co.uk/icaps-jenny-knott-explains-practical-post-trade-blockchain-approach-1552033
3,29,2016,siliconangle.com,http://siliconangle.com/blog/2016/03/28/meet-the-new-apps-on-the-blockchain-fintech/
3,29,2016,businessbecause.com,http://www.businessbecause.com/news/mba-careers/3884/mbas-flock-to-blockchain-ai-pioneers
3,29,2016,coinspeaker.com,http://www.coinspeaker.com/2016/03/29/top-10-biggest-names-in-bitcoin-and-blockchain-industries/
3,29,2016,mondaq.com,http://mondaq.com/unitedstates/x/477058/Financial+Services/Join+Us+For+The+American+Conference+Institute+Blockchain+Distributed+Ledger+Technology+Conference
3,29,2016,pymnts.com,http://www.pymnts.com/news/blockchain-distributed-ledger/2016/bitcoins-rival-catches-finance-tech-giants-attention/
3,29,2016,coinreport.net,https://coinreport.net/dtcc-test-blockchain-technology-repo-market/
3,30,2016,makeuseof.com,http://www.makeuseof.com/tag/bitcoins-actually-used-now-2016/
3,30,2016,businessinsider.com.au,https://www.businessinsider.com.au/report-bitcoin-anarchist-amir-taaki-investigated-fighting-isis-syria-2017-3
3,30,2016,businessinsider.com,http://www.businessinsider.com/report-bitcoin-anarchist-amir-taaki-investigated-fighting-isis-syria-2017-3
3,30,2016,coindesk.com,http://www.coindesk.com/bitcoin-purse-etsy-product-expansion/
3,30,2016,paymentweek.com,https://paymentweek.com/2016-3-30-coinkite-to-end-btc-wallet-and-focus-on-hardware-products-like-physical-bitcoin-10052/
3,30,2016,bitcoinmagazine.com,https://bitcoinmagazine.com/articles/dtcc-and-digital-asset-holdings-to-test-blockchain-solutions-for-the-trillion-repo-market-1459358814
3,30,2016,bitcoinist.net,http://bitcoinist.net/upcoming-starbucks-digital-currency-is-no-threat-to-bitcoin-and-fold/
3,30,2016,bitcoinist.net,http://bitcoinist.net/charlie-shrem-jail-one-year-ago/
3,30,2016,businessinsider.com.au,http://www.businessinsider.com.au/blockchain-cofounder-and-ceo-peter-smith-bitcoin-success-of-failure-2016-3
3,30,2016,alleywatch.com,http://www.alleywatch.com/2016/03/wall-street-embracing-bitcoin/
3,30,2016,makeuseof.com,http://www.makeuseof.com/tag/bitcoins-actually-used-now-2016/
3,30,2016,bitcoinist.net,http://bitcoinist.net/decentraleyes-addon-fixes-browser-privacy-circumvents-cdns/
3,30,2016,paymentweek.com,http://paymentweek.com/2016-3-30-coinkite-to-end-btc-wallet-and-focus-on-hardware-products-like-physical-bitcoin-10052/
3,30,2016,softpedia.com,http://news.softpedia.com/news/repeated-ddos-attacks-force-coinkit-bitcoin-wallet-to-close-down-web-service-502335.shtml
3,30,2016,businessinsider.com,http://www.businessinsider.com/blockchain-cofounder-and-ceo-peter-smith-bitcoin-success-of-failure-2016-3
3,30,2016,newsbtc.com,http://www.newsbtc.com/2016/03/30/dutch-central-bank-digital-currency-nothing-like-bitcoin/
3,30,2016,coindesk.com,http://www.coindesk.com/press-releases/blockchain-inspector-partners-with-uk-bitcoin-marketplace/
3,30,2016,businesswire.com,http://www.businesswire.com/news/home/20160330005862/en/MEDIA-ADVISORY-Smart-Contracts-Blockchain-Data-Standards
3,30,2016,automatedtrader.net,http://www.automatedtrader.net/news/at/155285/blockchain-disruption-or-distraction
3,30,2016,marketwatch.com,http://www.marketwatch.com/story/media-advisory-smart-contracts-blockchain-data-standards-april-4-nyc-2016-03-30
3,30,2016,siliconangle.com,http://siliconangle.com/blog/2016/03/30/digital-asset-holdings-signs-deal-depository-trust-clearing-corp-for-blockchain-repos-trial/
3,30,2016,coindesk.com,http://www.coindesk.com/blockchain-development-platform-raises/
3,30,2016,businessinsider.com,http://www.businessinsider.com/blockchain-cofounder-and-ceo-peter-smith-bitcoin-success-of-failure-2016-3
3,30,2016,businessinsider.com.au,http://www.businessinsider.com.au/blockchain-cofounder-and-ceo-peter-smith-bitcoin-success-of-failure-2016-3
3,30,2016,fool.com.au,http://www.fool.com.au/2016/03/30/attention-government-gives-green-light-to-blockchain-disruption/
3,30,2016,finextra.com,https://www.finextra.com/pressarticle/63763/blockchain-developer-platform-stratumn-raises-600000
3,30,2016,cryptocoinsnews.com,https://www.cryptocoinsnews.com/digital-asset-dtcc-partner-form-blockchain-repo-clearing/
3,30,2016,econotimes.com,http://www.econotimes.com/2016-Mobile-Payments-Conference-To-Discuss-Blockchain-And-Other-Key-Issues-186472
3,30,2016,nasdaq.com,http://www.nasdaq.com/article/dtcc-and-digital-asset-holdings-to-test-blockchain-solutions-for-the-26-trillion-repo-market-cm599608
3,30,2016,money-marketuk.com,http://www.money-marketuk.com/business-and-finance/7022-blockchain-the-rising-trend.html
3,30,2016,coindesk.com,http://www.coindesk.com/press-releases/blockchain-inspector-partners-with-uk-bitcoin-marketplace/
3,30,2016,coindesk.com,http://www.coindesk.com/blythe-masters-dtcc-ceo-advice-blockchain/
3,30,2016,bitcoinmagazine.com,https://bitcoinmagazine.com/articles/dtcc-and-digital-asset-holdings-to-test-blockchain-solutions-for-the-trillion-repo-market-1459358814
3,30,2016,coindesk.com,http://www.coindesk.com/microsoft-ethereum-3-million-developers/
3,31,2016,cryptocoinsnews.com,https://www.cryptocoinsnews.com/russias-presidential-advisor-dismisses-bitcoin-fiction/
3,31,2016,cointelegraph.com,http://cointelegraph.com/news/bitit-launches-to-solve-bitcoin-biggest-issues-accessibility-and-fraud
3,31,2016,missionlocal.org,http://missionlocal.org/2016/03/third-bitcoin-atm-comes-to-sfs-mission/
3,31,2016,econotimes.com,http://www.econotimes.com/Russian-Presidential-Advisor-Lashes-Out-At-Bitcoin-Developers-186946
3,31,2016,cointelegraph.com,http://cointelegraph.com/news/governments-vs-bitcoin-a-fight-for-control
3,31,2016,econotimes.com,http://www.econotimes.com/Bitdefender-Labs-Releases-New-Tool-To-Protect-From-Bitcoin-Ransomware-Attacks-187102
3,31,2016,cryptocoinsnews.com,https://www.cryptocoinsnews.com/energy-efficiency-bitcoin/
3,31,2016,elderecho.com,http://www.elderecho.com/tribuna/penal/Criptodivisas-Bitcoin-blanqueo-capitales_11_935305002.html
3,31,2016,coindesk.com,http://www.coindesk.com/interpol-event-sees-teams-chasing-bitcoin-blackmailers-new-war-game/
3,31,2016,econotimes.com,http://www.econotimes.com/Bitcoin-Could-Be-The-Worlds-Next-Great-Safe-Asset-US-Banker-Argues-186928
3,31,2016,extremetech.com,http://www.extremetech.com/extreme/225660-bitcoin-could-soon-use-more-power-than-denmark-but-help-is-on-the-way
3,31,2016,coindesk.com,http://www.coindesk.com/us-bank-regulator-creating-framework-for-overseeing-innovations-like-blockchain-tech/
3,31,2016,ibtimes.co.uk,http://www.ibtimes.co.uk/3d-printing-counterfeit-pharma-crypto-cctv-highlighted-digital-catapult-blockchain-pitchoff-1552392
3,31,2016,econotimes.com,http://www.econotimes.com/Pennsylvania-DOBS-Seeks-To-Promote-Awareness-On-Virtual-Currencies-And-Blockchain-187152
3,31,2016,zerohedge.com,http://www.zerohedge.com/news/2016-03-31/wall-street-bitten-blockchain-bug-how-do-we-admit-truth-about-technologys-disruptive
3,31,2016,coinspeaker.com,http://www.coinspeaker.com/2016/03/30/dtcc-partners-digital-asset-holdings-build-blockchain-repurchase-market/
3,31,2016,bankir.ru,http://bankir.ru/novosti/20160331/regulyator-planiruet-podgotovit-proekty-na-baze-blockchain-10117025/
3,31,2016,clubic.com,http://www.clubic.com/pro/crowdfunding/actualite-801256-blockchain-macron-briser-monopole-banques.html
3,31,2016,handelsblatt.com,http://www.handelsblatt.com/my/finanzen/maerkte/boerse-inside/neue-finanztechnologie-die-blockchain-eine-glueckliche-verkettung/13381324.html?nlayer=News_1985586&ticket=ST-2812778-xw5Myl1WsikptnfYXtLc-ap1
3,31,2016,medcitynews.com,http://medcitynews.com/2016/03/blockchain-health-information-exchange/
3,31,2016,econotimes.com,http://www.econotimes.com/Microsoft-ConsenSys-Add-Ethereum-Solidity-To-Visual-Studio-187003
3,31,2016,coindesk.com,http://www.coindesk.com/asia-exchanges-ethereum-trading/
3,31,2016,econotimes.com,http://www.econotimes.com/Microsoft-ConsenSys-Add-Ethereum-Solidity-To-Visual-Studio-187003
4,1,2016,engadget.com,http://www.engadget.com/2016/04/01/brave-will-pay-you-in-bitcoins-for-browsing-the-web/?ncid=txtlnkusaolp00000589
4,1,2016,engadget.com,http://www.engadget.com/2016/04/01/brave-will-pay-you-in-bitcoins-for-browsing-the-web/
4,1,2016,bitcoinist.net,http://bitcoinist.net/coincheck-offers-global-jpy-trading-market-for-bitcoin-and-ethereum/
4,1,2016,ziarelive.ro,http://www.ziarelive.ro/stiri/bitcoin-celebra-moneda-virtuala-va-consuma-in-curand-mai-multa-energie-electrica-decat-danemarca-internet.html
4,1,2016,wallstreetdaily.com,http://www.wallstreetdaily.com/2016/04/01/ethereum-bitcoin-cryptocurrency/
4,1,2016,bitcoinmagazine.com,https://bitcoinmagazine.com/articles/toronto-stock-exchange-executive-anthony-di-iorio-wants-to-turn-canada-into-a-blockchain-powerhouse-1459528603
4,1,2016,cnbc.com,http://www.cnbc.com/2016/04/01/wall-street-and-tech-start-to-move-past-bitcoin.html
4,1,2016,coindesk.com,http://www.coindesk.com/dont-blame-bitcoin-madness-men/
4,1,2016,bitcoinist.net,http://bitcoinist.net/vatican-adop-cryptocurrency/
4,1,2016,nextinpact.com,http://www.nextinpact.com/news/99298-letat-veut-permettre-paiement-taxes-via-bitcoin-dici-2017.htm
4,1,2016,coindesk.com,http://www.coindesk.com/kialara-bitcoin-trust-art/
4,1,2016,paymentweek.com,http://paymentweek.com/2016-4-1-zcash-ceo-argued-bitcoin-community-not-to-feel-overconfident-10074/
4,1,2016,paymentweek.com,https://paymentweek.com/2016-4-1-zcash-ceo-argued-bitcoin-community-not-to-feel-overconfident-10074/
4,1,2016,bitcoinist.net,http://bitcoinist.net/google-wallet-becomes-centralized-bitcoin-competitor/
4,1,2016,americanbanker.com,http://www.americanbanker.com/bankthink/morning-scan-ge-wants-to-drop-sifi-label-bitcoin-founder-reveal-1080225-1.html
4,1,2016,ftm.nl,https://www.ftm.nl/tag/bitcoin
4,1,2016,coindesk.com,http://www.coindesk.com/overstock-invests-4-million-in-barbados-bitcoin-exchange/
4,1,2016,internetua.com,http://internetua.com/Bitcoin-plateji-stanovyatsya-beskontaktnimi
4,1,2016,bitcoinist.net,http://bitcoinist.net/interview-developer-zeronet/
4,1,2016,engadget.com,http://www.engadget.com/2016/04/01/brave-will-pay-you-in-bitcoins-for-browsing-the-web/
4,1,2016,engadget.com,http://www.engadget.com/2016/04/01/brave-will-pay-you-in-bitcoins-for-browsing-the-web/?ncid=txtlnkusaolp00000589
4,1,2016,ladige.it,http://www.ladige.it/blogs/impact-blog/2016/04/01/bitcoin-criptovaluta-fiducia
4,1,2016,bitcoinist.net,http://bitcoinist.net/coinsilium-announces-first-blockchain-tech-lab-developer-event-london-april/
4,1,2016,bitcoinist.net,http://bitcoinist.net/homeland-security-task-force-tracks-domestic-bitcoin-traders/
4,1,2016,coindesk.com,http://www.coindesk.com/coindesk-struck-blockchain-meltdown-hard-fork-hits-website/
4,1,2016,coindesk.com,http://www.coindesk.com/coindeks-blockchain-turmoil-industry-reaction/
4,1,2016,bitcoinmagazine.com,https://bitcoinmagazine.com/articles/toronto-stock-exchange-executive-anthony-di-iorio-wants-to-turn-canada-into-a-blockchain-powerhouse-1459528603
4,1,2016,the-blockchain.com,http://www.the-blockchain.com/2016/04/01/overstock-makes-investment-in-caribbean-blockchain-firm-bitt/
4,1,2016,bobsguide.com,http://www.bobsguide.com/guide/news/2016/Apr/1/qa-with-ey-is-blockchain-good-or-bad-tech/
4,1,2016,coindesk.com,http://www.coindesk.com/sec-chair-addresses-silicon-valley-initiative-potential-blockchain-regulations/
4,1,2016,nextinpact.com,http://www.nextinpact.com/news/99208-entre-regulation-et-encadrement-blockchain-en-phase-reconnaissance.htm
4,1,2016,econotimes.com,http://www.econotimes.com/Citi-Discusses-Digital-Disruption-Says-Blockchain-Still-A-Bleeding-Edge-Technology-188095
4,1,2016,bitcoinist.net,http://bitcoinist.net/coinsilium-announces-first-blockchain-tech-lab-developer-event-london-april/
4,1,2016,cryptocoinsnews.com,https://www.cryptocoinsnews.com/ethereums-growth-draws-support-platforms/
4,1,2016,wallstreetdaily.com,http://www.wallstreetdaily.com/2016/04/01/ethereum-bitcoin-cryptocurrency/
4,1,2016,bitcoinist.net,http://bitcoinist.net/coincheck-offers-global-jpy-trading-market-for-bitcoin-and-ethereum/
4,2,2016,techtudo.com.br,http://www.techtudo.com.br/dicas-e-tutoriais/noticia/2016/04/como-ganhar-bitcoins-gratis.html
4,2,2016,cointelegraph.com,http://cointelegraph.com/news/drug-dealing-remittances-poverty-factor-in-bitcoin-atms-placement-in-nyc
4,2,2016,bitcoinist.net,http://bitcoinist.net/blockchain-make-refugee-lives-easier/
4,2,2016,techtudo.com.br,http://www.techtudo.com.br/dicas-e-tutoriais/noticia/2016/04/como-ganhar-bitcoins-gratis.html
4,2,2016,paymentweek.com,https://paymentweek.com/2016-4-1-purse-merchants-launched-to-allow-users-sell-products-to-anyone-using-bitcoin-10081/
4,2,2016,bitcoinist.net,http://bitcoinist.net/21-marketplace-now-offers-paid-apis-for-bitcoin/
4,2,2016,paymentweek.com,http://paymentweek.com/2016-4-1-purse-merchants-launched-to-allow-users-sell-products-to-anyone-using-bitcoin-10081/
4,2,2016,themerkle.com,http://themerkle.com/vermont-senate-will-vote-on-implementing-blockchain-and-smart-contracts/
4,2,2016,cointelegraph.com,http://cointelegraph.com/news/blockchain-technology-predictions-for-2016
4,2,2016,bitcoinist.net,http://bitcoinist.net/blockchain-make-refugee-lives-easier/
4,2,2016,usine-digitale.fr,http://www.usine-digitale.fr/article/la-mort-annoncee-du-drh-la-blockchain-a-bercy-un-robot-maman-flingueuse-ce-qu-il-ne-fallait-pas-loupe-cette-semaine.N385757
4,2,2016,agoravox.fr,http://www.agoravox.fr/tribune-libre/article/neguentropisme-et-blockchain-179531
4,2,2016,newsbtc.com,http://www.newsbtc.com/2016/04/01/microsoft-adds-ethereum-solidity-dapp-visual-studio/
4,3,2016,iol.co.za,http://www.iol.co.za/business/international/bitcoin-creator-unmasked-2016524
4,3,2016,iol.co.za,http://www.iol.co.za:80/business/international/bitcoin-creator-unmasked-2016524
4,3,2016,yahoo.com,https://www.yahoo.com/news/australian-says-created-bitcoin-sceptical-021324564.html
4,3,2016,ibtimes.com,http://www.ibtimes.com/craig-wright-promises-extraordinary-proof-bitcoin-credentials-big-questions-remain-2363370
4,3,2016,bravenewcoin.com,http://bravenewcoin.com/news/overstocks-16-million-investment-in-bitcoin-company-funds-financial-disruption-across-the-caribbean/
4,3,2016,cryptocoinsnews.com,https://www.cryptocoinsnews.com/are-bitcoiners-rational/
4,3,2016,coindesk.com,http://www.coindesk.com/meet-man-will-hack-long-lost-bitcoin-wallet-money/
4,3,2016,superbiz.se.pl,http://superbiz.se.pl/wiadomosci-biz/skad-sie-wziely-pieniadze-poznaj-ich-historie-od-barteru-do-bitcoina_801356.html
4,3,2016,rador.ro,http://www.rador.ro/2016/04/03/inventatorul-bitcoin-urilor-pregatit-sa-iasa-la-rampa/
4,3,2016,cryptocoinsnews.com,https://www.cryptocoinsnews.com/idrive-attempted-mine-bitcoin-3000-servers-mistake/
4,3,2016,bitcoinist.net,http://bitcoinist.net/arcade-city-ama-raises-questions-red-flags/
4,3,2016,breitbart.com,http://www.breitbart.com/tech/2016/04/03/bitcoin-could-consume-as-much-energy-as-denmark-by-2020/
4,3,2016,bitcoinist.net,http://bitcoinist.net/secure-dao-for-online-marketplace-launces-massive-crowdsale/
4,3,2016,newsbtc.com,http://www.newsbtc.com/2016/04/03/btccs-humorous-documentary-on-bitcoin-mining-in-china/
4,3,2016,bravenewcoin.com,http://bravenewcoin.com/news/regulators-call-for-careful-approach-to-blockchain-technology-solutions/
4,3,2016,coinspeaker.com,http://www.coinspeaker.com/2016/04/03/stratumn-raised-600k-blockchain-applications-development/
4,4,2016,cointelegraph.com,http://cointelegraph.com/news/how-to-buy-bitcoins-in-a-local-store
4,4,2016,geekwire.com,http://www.geekwire.com/2016/microsoft-partners-worlds-top-banks-blockchain-technology-seeking-new-uses-bitcoins-backbone/
4,4,2016,bitcoinmagazine.com,https://bitcoinmagazine.com/articles/tax-day-is-coming-a-primer-on-bitcoin-and-taxes-1459786613
4,4,2016,cryptocoinsnews.com,https://www.cryptocoinsnews.com/bitcoin-services-platform-bitwala-closes-e800k-seed-funding/
4,4,2016,econotimes.com,http://www.econotimes.com/Interpols-Digital-Security-Challenge-Hunts-Bitcoin-Blackmailers-188580
4,4,2016,econotimes.com,http://www.econotimes.com/Bitcoin-Nanopayments-Company-SatoshiPay-Announces-Results-Of-Initial-Product-Launch-188679
4,4,2016,geekwire.com,http://www.geekwire.com/2016/microsoft-partners-worlds-top-banks-blockchain-technology-seeking-new-uses-bitcoins-backbone/
4,4,2016,itweb.co.za,http://www.itweb.co.za/index.php?option=com_content&view=article&id=143850:CiTi-backs-Bitcoin-incubator&catid=118
4,4,2016,abnnewswire.net,http://www.abnnewswire.net/press/en/83192/iSignthis-Ltd-(ASX-ISX)-and-Coinify-Deliver-AML-Regulatory-Compliance-for-Easily-Instantly-Securely-Buying-Bitcoin-via-Cards-83192.html
4,4,2016,coindesk.com,http://www.coindesk.com/bitwala-raises-e800000-bitcoin-sepa-service/
4,4,2016,equities.com,https://www.equities.com/news/introducing-asset-based-forex-trading-at-www-fxprobitcoin-com-free-demo-accounts-1
4,4,2016,cryptocoinsnews.com,https://www.cryptocoinsnews.com/heliopay-installs-bitcoin-atm-in-restaurant-in-u-k-resort-town-of-bournemouth/
4,4,2016,newsbtc.com,http://www.newsbtc.com/2016/04/03/mason-borda-tesla-bitcoin/
4,4,2016,afr.com,http://www.afr.com/technology/financial-planner-and-bitcoin-entrepreneur-launch-new-roboadvice-business-20160331-gnv3mg
4,4,2016,healthcareitnews.com,http://www.healthcareitnews.com/news/medstar-attack-found-be-ransomware-hackers-demand-bitcoin
4,4,2016,bitcoinist.net,http://bitcoinist.net/tesla-3-and-bitcoin-make-the-difference-locally/
4,4,2016,techcentral.co.za,http://www.techcentral.co.za/the-halving-that-could-derail-bitcoin/64256/
4,4,2016,bitcoinmagazine.com,https://bitcoinmagazine.com/articles/wiper-messaging-app-adds-bitcoin-micropayments-for-independent-filmmakers-1459782760
4,4,2016,pymnts.com,http://www.pymnts.com/news/b2b-payments/2016/can-gold-do-for-business-what-bitcoin-should-have-done/
4,4,2016,econotimes.com,http://www.econotimes.com/Caribbean-Bitcoin-Startup-Bitt-Receives-Funding-From-Overstock-188529
4,4,2016,cointelegraph.com,http://cointelegraph.com/news/how-to-buy-bitcoins-in-a-local-store
4,4,2016,nasdaq.com,http://www.nasdaq.com/article/wiper-messaging-app-adds-bitcoin-micropayments-for-independent-filmmakers-cm601247
4,4,2016,idg.com.au,http://www.pcworld.idg.com.au/article/597279/microsoft-offers-blockchain-love-new-partnership/
4,4,2016,cnbc.com,http://www.cnbc.com/2016/04/04/microsoft-major-banks-strike-blockchain-deal.html
4,4,2016,geekwire.com,http://www.geekwire.com/2016/microsoft-partners-worlds-top-banks-blockchain-technology-seeking-new-uses-bitcoins-backbone/
4,4,2016,cio.com,http://www.cio.com/article/3051743/microsoft-offers-blockchain-love-with-new-partnership.html
4,4,2016,goodgearguide.com.au,http://www.goodgearguide.com.au/article/597279/microsoft-offers-blockchain-love-new-partnership/
4,4,2016,econotimes.com,http://www.econotimes.com/Coinsilium-To-Hold-First-Blockchain-Tech-Lab-Next-Week-188552
4,4,2016,techrepublic.com,http://www.techrepublic.com/article/microsoft-blockchain-as-a-service-gains-momentum-with-banking-partnership/
4,4,2016,pcworld.co.nz,http://www.pcworld.co.nz/article/597279/microsoft-offers-blockchain-love-new-partnership/
4,4,2016,pcworld.com,http://www.pcworld.com/article/3051747/microsoft-offers-blockchain-love-with-new-partnership.html
4,4,2016,winbeta.org,http://www.winbeta.org/news/microsoft-partners-r3-advance-blockchain-technology
4,4,2016,computerworld.com.au,http://www.computerworld.com.au/article/597279/microsoft-offers-blockchain-love-new-partnership/
4,4,2016,computerworld.com,http://www.computerworld.com/article/3051662/cloud-computing/microsoft-to-offer-blockchain-to-banks-with-new-partnership.html
4,4,2016,siliconangle.com,http://siliconangle.com/blog/2016/04/04/blockchain-cryptocurrency-startup-bitt-raises-4m-series-a-from-overstock-com/
4,4,2016,techworld.com.au,http://www.techworld.com.au/article/597279/microsoft-offers-blockchain-love-new-partnership/
4,4,2016,cointelegraph.com,http://cointelegraph.com/news/mexican-cryptocurrency-exchange-bitso-adds-ethereum-market
4,5,2016,cointelegraph.com,http://cointelegraph.com/news/panama-papers-mossack-fonseca-and-money-laundering-with-bitcoin
4,5,2016,fxpips.com,http://www.fxpips.com/bitcoin-report-openbazaar-a-decentralized-digital-currency-store-now-open-for-trade/
4,5,2016,coindesk.com,http://www.coindesk.com/bitpagos-bitcoin-wallet-credit/
4,5,2016,bitcoinmagazine.com,https://bitcoinmagazine.com/articles/microsoft-inks-partnership-with-r-consortium-to-bring-blockchain-tech-to-financial-markets-1459868633
4,5,2016,bitcoinist.net,http://bitcoinist.net/money-2020-industry-leaders-regulation/
4,5,2016,bitcoinist.net,http://bitcoinist.net/australian-bitcoin-entrepreneur-launches-robo-advice-platform/
4,5,2016,econotimes.com,http://www.econotimes.com/XML-Gold-CEO-Sees-Bright-Future-For-Bitcoin-189369
4,5,2016,cryptocoinsnews.com,https://www.cryptocoinsnews.com/cryptsy-update-court-freezes-bitcoin-exchanges-assets-appoints-receiver/
4,5,2016,bitcoinmagazine.com,https://bitcoinmagazine.com/articles/bitcoin-core-launches-sponsorship-programme-to-fund-development-and-more-1459875699
4,5,2016,econotimes.com,http://www.econotimes.com/European-Bitcoin-Startup-Bitwala-Raises-%E2%82%AC800k-in-Seed-Round%C2%A0-189306
4,5,2016,bitcoinist.net,http://bitcoinist.net/washington-sanchez-speaks-about-ob-release/
4,5,2016,economicpolicyjournal.com,http://www.economicpolicyjournal.com/2016/04/how-bitcoin-will-destroy.html
4,5,2016,coinreport.net,https://coinreport.net/blockchains-limitless-potential-discussed-coala-blockchain-workshop-nyc/
4,5,2016,mis-asia.com,http://mis-asia.com/tech/emerging-technology/microsoft-offers-blockchain-love-with-new-partnership/
4,5,2016,cointelegraph.com,http://cointelegraph.com/news/saving-the-world-through-crypto-the-humanitarian-blockchain
4,5,2016,coindesk.com,http://www.coindesk.com/ibm-watson-artificial-intelligence-blockchain/
4,5,2016,coinreport.net,https://coinreport.net/blockchains-limitless-potential-discussed-coala-blockchain-workshop-nyc/
4,5,2016,coindesk.com,http://www.coindesk.com/clearing-and-settlement-blockchain-double-edged-sword/
4,5,2016,coindesk.com,http://www.coindesk.com/open-source-giant-red-hat-blockchain-initiative/
4,5,2016,coinreport.net,https://coinreport.net/delaware-launches-blockchain-initiative/
4,5,2016,itproportal.com,http://www.itproportal.com/2016/04/05/microsoft-partners-with-r3-develop-blockchain-technologies/
4,5,2016,cbronline.com,http://www.cbronline.com/news/verticals/finance/microsoft-seals-blockchain-deal-with-major-banks-4856818
4,5,2016,cryptocoinsnews.com,https://www.cryptocoinsnews.com/digix-millions-ethereum-blockchain-crowdsale/
4,5,2016,bankingtech.com,http://www.bankingtech.com/468502/money-2020-europe-blockchain-rules-rule/
4,5,2016,journaldunet.com,http://www.journaldunet.com/economie/finance/1176215-bnp-paribas-blockchain/
4,5,2016,the-blockchain.com,http://www.the-blockchain.com/2016/04/05/bitland-to-bring-blockchain-to-land-in-ghana/
4,5,2016,newsbtc.com,http://www.newsbtc.com/2016/04/05/coinsilium-announces-first-blockchain-tech-lab-event-in-london/
4,5,2016,techworld.com,http://www.techworld.com/startups/meet-startups-trying-take-blockchain-beyond-fintech-3637740/
4,5,2016,nasdaq.com,http://www.nasdaq.com/article/microsoft-inks-partnership-with-r3-consortium-to-bring-blockchain-tech-to-financial-markets-cm601907
4,5,2016,bitcoinmagazine.com,https://bitcoinmagazine.com/articles/microsoft-inks-partnership-with-r-consortium-to-bring-blockchain-tech-to-financial-markets-1459868633
4,5,2016,cryptocoinsnews.com,https://www.cryptocoinsnews.com/bnp-paribas-will-offer-blockchain-tools-to-securities-market/
4,5,2016,americanbanker.com,http://www.americanbanker.com/news/bank-technology/delaware-to-push-blockchain-smart-contract-technologies-1080264-1.html
4,5,2016,cryptocoinsnews.com,https://www.cryptocoinsnews.com/bank-ireland-announces-successful-blockchain-trial/
4,5,2016,mondaq.com,http://mondaq.com/unitedstates/x/479718/Securities/Gouvernance+de+la+Blockchain+Les+enjeux+des+chanes+de+consensus+pour+la+place+financire+de+Paris
4,5,2016,itespresso.fr,http://www.itespresso.fr/alliance-smartangels-bnp-paribas-la-blockchain-au-service-du-crowdfunding-125610.html
4,5,2016,coindesk.com,http://www.coindesk.com/r3cev-blockchain-regulated-businesses/
4,5,2016,techweekeurope.co.uk,http://www.techweekeurope.co.uk/e-marketing/microsoft-r3-blockchain-partnership-azure-189271
4,5,2016,itworld.com,http://www.itworld.com/article/3051746/microsoft-offers-blockchain-love-with-new-partnership.html
4,5,2016,siliconangle.com,http://siliconangle.com/blog/2016/04/05/banked-backed-blockchain-fintech-consortium-r3-signs-partnership-with-microsoft/
4,5,2016,coinreport.net,https://coinreport.net/microsoft-r3-partner-accelerate-blockchain-technology-deployment/
4,5,2016,econotimes.com,http://www.econotimes.com/BNP-Paribas-SmartAngels-Partner-To-Bring-Blockchain-Technology-To-Securities-Market-189539
4,5,2016,automatedtrader.net,http://www.automatedtrader.net/news/at/155319/red-hat-announces-openshift-blockchain-initiative
4,5,2016,usinenouvelle.com,http://www.usinenouvelle.com/editorial/le-site-de-crowdfunding-smart-angels-va-proposer-une-tenue-de-titres-avec-la-blockchain.N386027
4,5,2016,bloomberg.com,http://www.bloomberg.com/news/articles/2016-04-05/protecting-trade-secrets-challenges-wall-street-blockchain-play
4,5,2016,siliconrepublic.com,https://www.siliconrepublic.com/enterprise/2016/04/05/blockchain-proof-of-concept-bank-of-ireland-deloitte
4,5,2016,investordaily.com.au,http://www.investordaily.com.au/analysis/39152-why-collaboration-is-essential-on-blockchain
4,5,2016,efinancialnews.com,http://www.efinancialnews.com/story/2016-04-05/sequoia-chairman-not-buying-into-the-blockchain
4,5,2016,finanznachrichten.de,http://www.finanznachrichten.de/nachrichten-2016-04/36970152-research-and-markets-microsoft-and-r3-announce-blockchain-tech-partnership-008.htm
4,5,2016,ibtimes.co.uk,http://www.ibtimes.co.uk/bnp-paribas-securities-services-takes-crowdfunding-blockchain-smartangels-1553305
4,5,2016,ibtimes.co.uk,http://www.ibtimes.co.uk/ethereum-devcon2-combined-shanghai-blockchain-summit-september-1553324
4,5,2016,cio.com.au,http://www.cio.com.au/article/597279/microsoft-offers-blockchain-love-new-partnership/
4,5,2016,networkworld.com,http://www.networkworld.com/article/3051744/microsoft-offers-blockchain-love-with-new-partnership.html
4,5,2016,ibtimes.co.uk,http://www.ibtimes.co.uk/state-delaware-launches-blockchain-using-symbiont-smart-contracts-1553130
4,5,2016,cio.in,http://www.cio.in/news/microsoft-offers-blockchain-love-new-partnership
4,5,2016,mis-asia.com,http://mis-asia.com/tech/security/microsoft-offers-blockchain-love-with-new-partnership/
4,5,2016,computerworld.com.sg,http://computerworld.com.sg/tech/emerging-technology/microsoft-offers-blockchain-love-with-new-partnership/
4,5,2016,quadrangleonline.com,http://quadrangleonline.com/2016/04/05/microsoft-offers-blockchain-love-with-new-partnership/
4,5,2016,techweekeurope.co.uk,http://www.techweekeurope.co.uk/e-marketing/epayment/microsoft-r3-blockchain-partnership-azure-189271
4,5,2016,computerworld.com.sg,http://computerworld.com.sg/tech/security/microsoft-offers-blockchain-love-with-new-partnership/
4,5,2016,mis-asia.com,http://www.mis-asia.com/tech/security/microsoft-offers-blockchain-love-with-new-partnership/
4,5,2016,ibtimes.co.uk,http://www.ibtimes.co.uk/ethereum-devcon2-combined-shanghai-blockchain-summit-september-1553324
4,5,2016,cryptocoinsnews.com,https://www.cryptocoinsnews.com/ethereums-solidity-now-available-in-microsoft-visual-studio/
4,5,2016,cryptocoinsnews.com,https://www.cryptocoinsnews.com/digix-millions-ethereum-blockchain-crowdsale/
4,6,2016,bidnessetc.com,http://www.bidnessetc.com/66713-barclays-expands-uncharted-territory-bitcoin/
4,6,2016,readymadeinvest.com,http://readymadeinvest.com/barclays-partners-with-bitcoin-payments-app/
4,6,2016,businessinsider.com,http://www.businessinsider.com/british-government-issues-landmark-license-to-bitcoin-company-circle-2016-4
4,6,2016,startupsmart.com.au,http://www.startupsmart.com.au/profiles/prominent-bitcoin-entrepreneur-backs-new-fintech-ventures/
4,6,2016,livenewscentral.com,http://www.livenewscentral.com/bitcoin-start-up-gets-an-electronic-money-license-in-britain/
4,6,2016,quadrangleonline.com,http://quadrangleonline.com/2016/04/06/trump-to-promote-bitcoin-in-usa-by-blocking-remittances-to/
4,6,2016,ibtimes.com,http://www.ibtimes.com/craig-wright-reportedly-set-prove-he-bitcoin-creator-satoshi-nakamoto-2348687
4,6,2016,nytimes.com,http://www.nytimes.com/2016/04/06/business/dealbook/bitcoin-start-up-gets-an-electronic-money-license-in-britain.html
4,6,2016,themalaymailonline.com,http://www.themalaymailonline.com/money/article/bitcoin-startup-gets-first-electronic-money-licence-in-the-uk
4,6,2016,newsbtc.com,http://www.newsbtc.com/2016/04/06/barclays-bitcoin-circle/
4,6,2016,marketwatch.com,http://www.marketwatch.com/story/barclays-backs-uk-launch-of-bitcoin-payments-app-2016-04-06
4,6,2016,cryptocoinsnews.com,https://www.cryptocoinsnews.com/bitcoin-startup-circle-granted-electronic-money-license-britain-partners-barclays/
4,6,2016,siliconangle.com,http://siliconangle.com/blog/2016/04/05/court-appoints-receiver-in-ongoing-case-against-failed-bitcoin-exchange-cryptsy/
4,6,2016,newsbtc.com,http://www.newsbtc.com/2016/04/06/bitcoin-price-watch-heres-whats-today-5/
4,6,2016,mobilepaymentstoday.com,http://www.mobilepaymentstoday.com/news/uk-grants-electronic-money-license-to-bitcoin-company/
4,6,2016,coindesk.com,http://www.coindesk.com/bitcoin-core-opens-doors-to-outside-funding-with-sponsorship-program/
4,6,2016,ultima-ora.zazoom.it,http://ultima-ora.zazoom.it/news/1343918/con-una-manciata-di-bitcoin-un-norvegese-e-diventato-milionario
4,6,2016,independent.co.uk,http://www.independent.co.uk/news/business/news/barclays-first-bank-to-embrace-bitcoin-with-circle-social-app-a6971001.html
4,6,2016,zive.cz,http://www.zive.cz/bleskovky/bitcoin-zacina-inspirovat-it-microsoft-spustil-blockchain-as-a-service/sc-4-a-181987/default.aspx
4,6,2016,bloomberg.com,http://www.bloomberg.com/news/articles/2016-04-06/barclays-u-k-regulators-embrace-bitcoin-in-deal-with-startup
4,6,2016,bitcoinist.net,http://bitcoinist.net/tokenization-mastercard-tokenization/
4,6,2016,newsbtc.com,http://www.newsbtc.com/2016/04/06/bitcoin-price-technical-analysis-04062016-nearing-channel-resistance/
4,6,2016,econotimes.com,http://www.econotimes.com/Bitcoin-Startup-Circle-Announces-UK-Launch-Partners-With-Barclays-190266
4,6,2016,bitcoinist.net,http://bitcoinist.net/xml-gold-bitcoin-future/
4,6,2016,themerkle.com,http://themerkle.com/bank-of-ireland-partners-with-deloitte-for-blockchain-experiment/
4,6,2016,ibtimes.com,http://www.ibtimes.com/ibm-combines-blockchain-technology-artificial-intelligence-virtually-turn-back-time-2349130
4,6,2016,smh.com.au,http://www.smh.com.au/business/banking-and-finance/ripple-chief-sees-minimal-savings-for-markets-in-blockchain-20160406-gnzgvz.html
4,6,2016,journaldunet.com,http://www.journaldunet.com/solutions/cloud-computing/1176376-les-grands-noms-du-numerique-se-positionnent-sur-la-blockchain/
4,6,2016,afr.com,http://www.afr.com/business/banking-and-finance/ripple-chief-sees-minimal-savings-for-markets-in-blockchain-20160406-gnzgvz
4,6,2016,lenta.ru,http://lenta.ru/articles/2016/04/07/blockchain/
4,6,2016,cryptocoinsnews.com,https://www.cryptocoinsnews.com/blockchain-tech-will-make-banks-disappear-10-years-says-vp-russias-biggest-bank/
4,6,2016,cryptocoinsnews.com,https://www.cryptocoinsnews.com/r3-consortiums-blockchain-initiative-what-makes-corda-different/
4,6,2016,coindesk.com,http://www.coindesk.com/unsexy-earthport-blockchain-digital-currency/
4,6,2016,cityam.com,http://www.cityam.com/238281/blockchain-just-had-two-major-firsts-with-new-social-payment-app-circle-which-has-partnered-with-barclays
4,6,2016,coinspeaker.com,http://www.coinspeaker.com/2016/04/06/bank-of-ireland-and-bnp-paribas-conduct-blockchain-trials/
4,6,2016,brisbanetimes.com.au,http://www.brisbanetimes.com.au/business/banking-and-finance/ripple-chief-sees-minimal-savings-for-markets-in-blockchain-20160406-gnzgvz.html
4,6,2016,euromoney.com,http://www.euromoney.com/Article/3539940/Fintech-2016-Applying-the-blockchain.html
4,6,2016,econotimes.com,http://www.econotimes.com/Banks-Will-Disappear-By-2026-Due-To-Blockchain-Technologies-Says-Sberbank-Vice-President-190178
4,6,2016,seekingalpha.com,http://seekingalpha.com/article/3963520-u-k-barclays-first-back-retail-blockchain-product
4,6,2016,cbronline.com,http://www.cbronline.com/news/verticals/finance/red-hat-goes-after-developers-with-openshift-blockchain-initiative-4858209
4,6,2016,siliconangle.com,http://siliconangle.com/blog/2016/04/05/red-hat-openshift-blockchain-initiative-brings-the-blockchain-to-fintech-enterprise-and-startups/
4,6,2016,investopedia.com,http://www.investopedia.com/articles/investing/040616/barclays-1st-bank-use-blockchain-intl-transfers-bcs.asp
4,6,2016,cryptocoinsnews.com,https://www.cryptocoinsnews.com/red-hat-revs-up-openshift-blockchain/
4,6,2016,zive.cz,http://www.zive.cz/bleskovky/bitcoin-zacina-inspirovat-it-microsoft-spustil-blockchain-as-a-service/sc-4-a-181987/default.aspx
4,6,2016,econotimes.com,http://www.econotimes.com/Blockchain-Solutions-Provider-CoinsBank-Launches-Universal-Crypto-Solution-190353
4,6,2016,smh.com.au,http://www.smh.com.au//business/banking-and-finance/ripple-chief-sees-minimal-savings-for-markets-in-blockchain-20160406-gnzgvz.html
4,6,2016,theage.com.au,http://www.theage.com.au/business/banking-and-finance/ripple-chief-sees-minimal-savings-for-markets-in-blockchain-20160406-gnzgvz.html
4,6,2016,pymnts.com,http://www.pymnts.com/news/blockchain-distributed-ledger/2016/barclays-supports-circle-social-payments-app/
4,6,2016,pymnts.com,http://www.pymnts.com/news/b2b-payments/2016/why-banks-should-go-easy-on-the-blockchain/
4,6,2016,coinreport.net,https://coinreport.net/bank-of-ireland-completes-blockchain-test/
4,6,2016,allcoinsnews.com,http://allcoinsnews.com/2016/04/05/delaware-symbiont-establish-blockchain-initiative-for-delaware-inc-businesses/
4,6,2016,cointelegraph.com,http://cointelegraph.com/news/runcpa-announces-decentralized-ethereum-app-competition-with-250000year-job-prize
4,7,2016,nmpoliticalreport.com,http://nmpoliticalreport.com/38807/bitcoins-and-kanye-west-for-vp/
4,7,2016,nextgov.com,http://www.nextgov.com/emerging-tech/2016/04/can-bitcoin-save-world-probably-not/127305/
4,7,2016,arstechnica.co.uk,http://arstechnica.co.uk/business/2016/04/bitcoin-firm-circle-electronic-money-licence-uk-barclays/
4,7,2016,todayonline.com,http://www.todayonline.com/tech/bitcoin-start-circle-granted-first-e-money-licence-britain
4,7,2016,coindesk.com,http://www.coindesk.com/bitcoin-browser-brave-responds-cease-desist/
4,7,2016,bitcoinist.net,http://bitcoinist.net/coinsbank-blockchain-initiative/
4,7,2016,cryptocoinsnews.com,https://www.cryptocoinsnews.com/bitcoin-core-sponsorship/
4,7,2016,4-traders.com,http://www.4-traders.com/JPMORGAN-CHASE-CO-4831/news/Bitcoin-s-Blockchain-Technology-Proves-Itself-in-Wall-Street-Test-22134521/
4,7,2016,econotimes.com,http://www.econotimes.com/Bitcoin-Core-Announces-Sponsorship-Programme-To-Fund-Development-190823
4,7,2016,mondaq.com,http://www.mondaq.com/canada/x/480720/Employee+Benefits+Compensation/Bitwise+operations+paying+employees+in+Bitcoin
4,7,2016,coinspeaker.com,http://www.coinspeaker.com/2016/04/06/barclays-getting-bitcoin-business-with-goldman-payments-app-circle/
4,7,2016,cryptocoinsnews.com,https://www.cryptocoinsnews.com/trading-bitcoin-top-exchanges/
4,7,2016,nmpoliticalreport.com,http://nmpoliticalreport.com/38807/bitcoins-and-kanye-west-for-vp/
4,7,2016,siliconangle.com,http://siliconangle.com/blog/2016/04/07/craig-steven-wright-may-out-himself-as-bitcoin-founder-satoshi-nakamoto-in-coming-weeks/
4,7,2016,siliconangle.com,http://siliconangle.com/blog/2016/04/06/bitcoin-weekly-2016-march-6-barclays-joins-uk-launch-of-circle-red-hat-blockchain-initiative-microsoft-and-r3-openbazaar-launch/
4,7,2016,bravenewcoin.com,http://bravenewcoin.com/news/bnp-paribas-and-smartangels-blockchain-pilot-targets-europes-growing-crowdfunding-sector/
4,7,2016,newsworks.org,http://www.newsworks.org/index.php/local/the-latest/92621-governors-blockchain-initiative-promotes-digital-business-in-delaware
4,7,2016,prnewswire.com,http://www.prnewswire.com/news-releases/mit-sloan-fintech-conference-to-explore-gender-diversity-cybersecurity-blockchain-regulations-and-more-300247944.html
4,7,2016,cryptocoinsnews.com,https://www.cryptocoinsnews.com/cftc-official-early-internet-regulatory-model-will-help-blockchain-evolve/
4,7,2016,abruzzo.tv,http://abruzzo.tv/news/2016/04/07/barclays-backs-blockchain-boosting-circles-uk-launch/
4,7,2016,bitcoinist.net,http://bitcoinist.net/coinsbank-blockchain-initiative/
4,7,2016,marketsmedia.com,http://marketsmedia.com/delaware-preps-for-blockchain-adoption/
4,7,2016,marketwatch.com,http://www.marketwatch.com/story/mit-sloan-fintech-conference-to-explore-gender-diversity-cybersecurity-blockchain-regulations-and-more-2016-04-07
4,7,2016,cointelegraph.com,http://cointelegraph.com/news/could-blockchain-have-protected-the-bosses-implicated-in-the-panama-papers
4,7,2016,newsworks.org,http://www.newsworks.org/index.php/local/item/92621-governors-blockchain-initiative-promotes-digital-business-in-delaware
4,7,2016,cryptocoinsnews.com,https://www.cryptocoinsnews.com/bitland-blockchain-initiative-seeks-to-create-reliable-land-titles-in-africa/
4,7,2016,coindesk.com,http://www.coindesk.com/blockchain-credit-default-swaps-wall-street/
4,7,2016,efinancialnews.com,http://www.efinancialnews.com/story/2016-04-07/blockchain-proves-itself-in-wall-street-cds-test
4,7,2016,4-traders.com,http://www.4-traders.com/JPMORGAN-CHASE-CO-4831/news/Bitcoin-s-Blockchain-Technology-Proves-Itself-in-Wall-Street-Test-22134521/
4,7,2016,club.cnews.ru,http://club.cnews.ru/blogs/entry/eksperty_coinspace_uvereny_blockchain_polnostyu_izmenit_deyatelnost_bankov_
4,7,2016,econotimes.com,http://www.econotimes.com/International-Blockchain-Week-To-Be-Held-In-September-190767
4,7,2016,siliconangle.com,http://siliconangle.com/blog/2016/04/06/bitcoin-weekly-2016-march-6-barclays-joins-uk-launch-of-circle-red-hat-blockchain-initiative-microsoft-and-r3-openbazaar-launch/
4,7,2016,econotimes.com,http://www.econotimes.com/13th-Annual-MIT-Sloan-CIO-Symposium-To-Discuss-Blockchain-IoT-And-More-191195
4,7,2016,newsbtc.com,http://www.newsbtc.com/2016/04/07/axonis-blockchain-solution-for-fintech-industry-passes-all-tests/
4,8,2016,asiaone.com,http://beta.asiaone.com/digital/news/swiss-strip-club-clients-blackmailed-told-pay-2000-bitcoins
4,8,2016,asiaone.com,http://beta.asiaone.com/digital/news/swiss-strip-club-clients-blackmailed-told-pay-2000-bitcoins
4,8,2016,cryptocoinsnews.com,https://www.cryptocoinsnews.com/panama-papers-bitcoin-connection/
4,8,2016,mirror.co.uk,http://www.mirror.co.uk/tech/mysterious-billionaire-inventor-bitcoin-could-7715752
4,8,2016,telegraph.co.uk,http://my.telegraph.co.uk/groups/the-short-story-club/forum/topic/icq-13456789-seller-cvv-all-country-wudumprdpsmtpbank-good-most-respectable-customer-it-am-hacker-goodnot-reseller-accept-payment-work-bitcointbtc-perfect-3/
4,8,2016,bitcoinmagazine.com,https://bitcoinmagazine.com/articles/beyond-digital-study-a-fifth-of-uk-businesses-to-trade-in-digital-currencies-by-1460135927
4,8,2016,bravenewcoin.com,http://bravenewcoin.com/news/bitcoin-company-circle-partners-with-barclays-for-currency-and-territory-expansion/
4,8,2016,cryptocoinsnews.com,https://www.cryptocoinsnews.com/timothy-geithner-bitcoin-blockchain/
4,8,2016,bitcoinist.net,http://bitcoinist.net/nri-and-japan-exchange-group-build-blockchain-proof-of-concept-for-securities-industry/
4,8,2016,finexpert.e15.cz,http://finexpert.e15.cz/vysoka-skola-cevro-institut-umoznuje-nove-platit-skolne-v-bitcoinech
4,8,2016,bitcoinmagazine.com,https://bitcoinmagazine.com/articles/bitcoin-payments-company-circle-scores-partnership-with-barclays-and-e-money-license-for-uk-expansion-1460126860
4,8,2016,bitcoinist.net,http://bitcoinist.net/fortunejack-bitcoin-gambling-globe/
4,8,2016,finsmes.com,http://www.finsmes.com/2016/04/bitcoin-blockchain-startups-over-220m-invested-in-2016.html
4,8,2016,cryptocoinsnews.com,https://www.cryptocoinsnews.com/czech-institute-bitcoin-tuition/
4,8,2016,thecryptosphere.com,https://thecryptosphere.com/2016/01/26/why-bitcoin-consensus-matters/
4,8,2016,themerkle.com,http://themerkle.com/belarus-to-host-countrys-first-bitcoin-and-blockchain-meetup/
4,8,2016,cointelegraph.com,http://cointelegraph.com/news/central-banking-is-broken-solution-is-bitcoin-panama-papers-reveal
4,8,2016,bitcoinist.net,http://bitcoinist.net/recent-adobe-flash-vulnerability-helped-spread-bitcoin-ransomware/
4,8,2016,coindesk.com,http://www.coindesk.com/bitcoin-price-bore-traders/
4,8,2016,pymnts.com,http://www.pymnts.com/news/blockchain-distributed-ledger/2016/blockchains-wall-street-test-and-satoshi-has-a-birthday/
4,8,2016,mobilepaymentstoday.com,http://www.mobilepaymentstoday.com/articles/banks-and-the-blockchain-do-they-fit-together/
4,8,2016,coindesk.com,http://www.coindesk.com/libertarian-party-texas-logs-votes-presidential-electors-blockchain/
4,8,2016,cryptocoinsnews.com,https://www.cryptocoinsnews.com/timothy-geithner-bitcoin-blockchain/
4,8,2016,themerkle.com,http://themerkle.com/belarus-to-host-countrys-first-bitcoin-and-blockchain-meetup/
4,8,2016,aruco.com,https://www.aruco.com/2016/04/objets-connectes-blockchain/
4,8,2016,coindesk.com,http://www.coindesk.com/bnp-three-reasons-crowdfunding-blockchain/
4,8,2016,econotimes.com,http://www.econotimes.com/How-blockchain-could-be-used-to-make-trusts-more-transparent-192055
4,8,2016,bitcoinist.net,http://bitcoinist.net/nri-and-japan-exchange-group-build-blockchain-proof-of-concept-for-securities-industry/
4,8,2016,cryptocoinsnews.com,https://www.cryptocoinsnews.com/r3s-tim-swanson-a-public-blockchain-has-settlement-risks/
4,8,2016,finsmes.com,http://www.finsmes.com/2016/04/bitcoin-blockchain-startups-over-220m-invested-in-2016.html
4,8,2016,pymnts.com,http://www.pymnts.com/news/blockchain-distributed-ledger/2016/blockchains-wall-street-test-and-satoshi-has-a-birthday/
4,8,2016,americanbanker.com,http://www.americanbanker.com/news/bank-technology/how-blockchain-fits-into-the-future-of-digital-identity-1080345-1.html
4,8,2016,siliconangle.com,http://siliconangle.com/blog/2016/04/08/blockchain-is-big-at-nyc-future-technology-workshop-hosted-by-coala/
4,9,2016,sputniknews.com,http://sputniknews.com/business/20160409/1037747441/bitcoin-gold-standard.html
4,9,2016,cryptocoinsnews.com,https://www.cryptocoinsnews.com/publishers-bitcoin-browser-tangle/
4,9,2016,cryptocoinsnews.com,https://www.cryptocoinsnews.com/china-censorship-panama-encryption-bitcoin/
4,9,2016,bitcoinist.net,http://bitcoinist.net/dridex-banking-trojan-evolves-into-bitcoin-ransomware-distributor/
4,9,2016,newsbtc.com,http://www.newsbtc.com/2016/04/09/no-connection-piracy-bitcoin/
4,9,2016,bitcoinist.net,http://bitcoinist.net/custom-wordpress-com-domains-finally-have-https-encryption/
4,9,2016,coinspeaker.com,http://www.coinspeaker.com/2016/04/08/brave-browser-will-pay-bitcoin-for-ads-viewing/
4,9,2016,techtarget.com,http://searchcio.techtarget.com/news/450280958/Hip-to-be-square-Microsoft-gets-in-early-on-blockchain-technology
4,10,2016,tribunnews.com,http://bangka.tribunnews.com/2016/04/10/investasi-bitcoin-janjikan-keuntungan-tanpa-batas-banyak-orang-mulai-tergiur
4,10,2016,newsbtc.com,http://www.newsbtc.com/2016/04/10/ignoring-bitcoin-could-harm-bank-revenues/
4,10,2016,economiccalendar.com,http://www.economiccalendar.com/2016/04/10/bitcoin-cryptocurrency-from-the-dark-web-to-the-mainstream/
4,10,2016,briefingwire.com,http://www.briefingwire.com/pr/why-the-thought-of-bitcoin-cloud-mining-is-making-news
4,10,2016,bitcoinist.net,http://bitcoinist.net/mumblehard-linux-botnet-will-no-longer-send-spam-messages/
4,10,2016,cointelegraph.com,http://cointelegraph.com/news/bitcoin-worth-200-more-than-current-valuation-says-new-report
4,10,2016,cointelegraph.com,http://cointelegraph.com/news/match-teach-me-blockchain-psychometrics-to-help-teach-refugees
4,10,2016,afkinsider.com,https://afkinsider.com/123025/south-african-banks-moving-invest-blockchain-technology/
4,10,2016,afkinsider.com,http://afkinsider.com/123025/south-african-banks-moving-invest-blockchain-technology/
4,11,2016,news.err.ee,http://news.err.ee/v/news/scitech/09f4d9ae-dd8e-499f-aaf1-f56d9e9188b9/cyber-attackers-hold-two-estonian-companies-to-ransom-demand-bitcoins
4,11,2016,4-traders.com,http://www.4-traders.com/news/pH-Miners-Inc-s-new-deal-offers-3000-savings-on-Bitcoin-and-Litecoin-miners--22154314/
4,11,2016,finanznachrichten.de,http://www.finanznachrichten.de/nachrichten-2016-04/37033332-ph-miners-inc-ph-miners-inc-s-new-deal-offers-dollar-3000-savings-on-bitcoin-and-litecoin-miners-252.htm
4,11,2016,4-traders.com,http://www.4-traders.com/news/pH-Miners-Inc-s-new-deal-offers-3000-savings-on-Bitcoin-and-Litecoin-miners--22154414/
4,11,2016,cryptocoinsnews.com,https://www.cryptocoinsnews.com/latin-america-election-bitcoin/
4,11,2016,softpedia.com,http://news.softpedia.com/news/shapeshift-bitcoin-trader-decides-to-rebuild-service-following-cyber-attack-502782.shtml
4,11,2016,newsbtc.com,http://www.newsbtc.com/2016/04/11/otto-de-voogd-bitcoin-estonia-case/
4,11,2016,wired.com,http://www.wired.com/2016/04/prove-youre-bitcoin-creator-satoshi-nakamoto/
4,11,2016,computerworld.com.br,http://computerworld.com.br/regulamentacoes-so-atrapalharao-o-avanco-do-bitcoin-diz-especialista
4,11,2016,t3n.de,http://t3n.de/news/bitcoin-ultimative-einfuehrung-607481/
4,11,2016,radioaustralia.net.au,http://www.radioaustralia.net.au/international/2016-04-11/igot-bitcoin-investors-owed-thousands-of-dollars-by-struggling-australian-exchange/1568204
4,11,2016,abc.net.au,http://www.abc.net.au/news/2016-04-11/australian-bitcoin-exchange-igot-on-verge-of-collapse/7315894
4,11,2016,uudised.err.ee,http://uudised.err.ee/v/eesti/cd0ec694-70bc-4f0f-b1e0-afd88201fd2f/kohus-otsusab-tana-bitcoinide-legaalsuse-ule
4,11,2016,bitcoinist.net,http://bitcoinist.net/bitcoin-digital-asset-portfolio/
4,11,2016,fx-mm.com,http://www.fx-mm.com/49216/fx-mm-magazine/past-issues/april-2016/looking-beyond-hype-bitcoin/
4,11,2016,siliconangle.com,http://siliconangle.com/blog/2016/04/11/bitcoin-cryptocurrency-exchange-shapeshift-offline-following-hack-company-rebuilding-platform/
4,11,2016,coindesk.com,http://www.coindesk.com/press-releases/two-way-bitcoin-atm-opens-national-harbor-near-washington-d-c/
4,11,2016,news.err.ee,http://news.err.ee/v/news/scitech/09f4d9ae-dd8e-499f-aaf1-f56d9e9188b9/cyber-attackers-hold-two-estonian-companies-to-ransom-demand-bitcoins
4,11,2016,geeky-gadgets.com,http://www.geeky-gadgets.com/bitbonkers-website-allows-you-to-view-bitcoin-transactions-11-04-2016/
4,11,2016,infoworld.com,http://www.infoworld.com/article/3054583/cloud-computing/5-things-you-should-know-about-blockchains.html
4,11,2016,afr.com,http://www.afr.com/technology/winklevoss-twins-look-to-partner-with-aussie-vc-trimantium-capital-on-blockchain-20160405-gnyiqw
4,11,2016,computerworld.com.au,http://www.computerworld.com.au/article/597714/5-things-should-know-about-blockchain/
4,11,2016,pcworld.co.nz,http://www.pcworld.co.nz/article/597714/5-things-should-know-about-blockchain/
4,11,2016,cryptocoinsnews.com,https://www.cryptocoinsnews.com/blockchain-for-banks-russian-central-bank/
4,11,2016,itworld.com,http://www.itworld.com/article/3053945/5-things-you-should-know-about-the-blockchain.html
4,11,2016,networkworld.com,http://www.networkworld.com/article/3053943/5-things-you-should-know-about-the-blockchain.html
4,11,2016,cointelegraph.com,http://cointelegraph.com/news/our-goal-is-to-replace-your-need-for-a-bank-says-blockchain-co-founder-and-ceo-nicolas-cary
4,11,2016,ftadviser.com,http://www.ftadviser.com/2016/04/11/investments/uk/blockchain-technology-set-to-go-mainstream-LMysE7i79ud7Se7HsiuiCM/article.html
4,11,2016,infoworld.com,http://www.infoworld.com/article/3054583/cloud-computing/5-things-you-should-know-about-blockchains.html
4,11,2016,pcworld.com,http://www.pcworld.com/article/3053946/data-center-cloud/5-things-you-should-know-about-the-blockchain.html
4,11,2016,coindesk.com,http://www.coindesk.com/ethereum-used-first-paid-energy-trade-using-blockchain-technology/
4,11,2016,goodgearguide.com.au,http://www.goodgearguide.com.au/article/597714/5-things-should-know-about-blockchain/
4,11,2016,frenchweb.fr,http://www.frenchweb.fr/quest-ce-que-la-blockchain/237579
4,11,2016,cio.com,http://www.cio.com/article/3053942/5-things-you-should-know-about-the-blockchain.html
4,11,2016,computerworld.com,http://www.computerworld.com/article/3054215/cloud-computing/5-things-you-should-know-about-the-blockchain.html
4,11,2016,coinreport.net,https://coinreport.net/international-blockchain-experts-attend-fintech-open-mic-night/
4,11,2016,cnbc.com,http://www.cnbc.com/2016/04/11/blockchain-wont-kill-banks-brock-pierce.html
4,11,2016,pcworld.com,http://www.pcworld.com/article/3053946/5-things-you-should-know-about-the-blockchain.html
4,11,2016,techworld.com.au,http://www.techworld.com.au/article/597714/5-things-should-know-about-blockchain/
4,11,2016,ventureburn.com,http://ventureburn.com/2016/04/blockchain-anti-piracy-startup-custos-raises-r4m-seed-round/
4,11,2016,idg.com.au,http://www.pcworld.idg.com.au/article/597714/5-things-should-know-about-blockchain/
4,11,2016,coindesk.com,http://www.coindesk.com/ethereum-used-first-paid-energy-trade-using-blockchain-technology/
4,11,2016,novaator.err.ee,http://novaator.err.ee/v/uhe_minuti_loeng/352d9cc3-6572-4dac-8931-7a04f5752821/uhe-minuti-loeng-mis-on-okosusteemiteenused
4,12,2016,news.postimees.ee,http://news.postimees.ee/3652435/supreme-court-subjects-bitcoins-trade-to-money-laundering-rules
4,12,2016,aktiencheck.de,http://aktiencheck.de/news/Artikel-GNW_News_neuem_Angebot_von_pH_Miners_Inc_3000_US_Dollar_Bitcoin_und_Litecoin_Minern_sparen-7131145
4,12,2016,theage.com.au,http://www.theage.com.au/business/banking-and-finance/bitcoin-faces-calls-for-tougher-regulation-amid-igot-scandal-20160412-go44xo.html
4,12,2016,eurasiareview.com,http://www.eurasiareview.com/12042016-battle-over-who-created-bitcoin/
4,12,2016,econotimes.com,http://www.econotimes.com/MMM-Global-Shuts-Down-Republic-Of-Bitcoin-Says-The-Experiment-Failed-192988
4,12,2016,bitcoinist.net,http://bitcoinist.net/vanbex-report-decentralized-oversight/
4,12,2016,newsmakers.pk,http://newsmakers.pk/story/71163.html/ph-miners-incs-new-deal-offers-3000-savings-on-bitcoin-and-litecoin-miners/
4,12,2016,cryptocoinsnews.com,https://www.cryptocoinsnews.com/mmm-global-closes-republic-of-bitcoin-an-alleged-ponzi-scheme/
4,12,2016,cryptocoinsnews.com,https://www.cryptocoinsnews.com/australian-bitcoin-industry-code-of-conduct-igot-collapse/
4,12,2016,finanzen.ch,http://www.finanzen.ch/nachrichten/aktien/GNW-News-Mit-neuem-Angebot-von-pH-Miners-Inc-3000-US-Dollar-bei-Bitcoin-und-Litecoin-Minern-sparen-1001145987
4,12,2016,wallstreet-online.de,http://www.wallstreet-online.de/nachricht/8506219-angebot-ph-miners-inc-3000-us-dollar-bitcoin-litecoin-minern-sparen
4,12,2016,smh.com.au,http://www.smh.com.au/business/banking-and-finance/bitcoin-faces-calls-for-tougher-regulation-amid-igot-scandal-20160412-go44xo.html
4,12,2016,money-marketuk.com,http://www.money-marketuk.com/business-and-finance/7881-australian-bitcoin-industry-faces-calls-for-tougher-regulation-after-igot-scandal.html
4,12,2016,smh.com.au,http://www.smh.com.au//business/banking-and-finance/bitcoin-faces-calls-for-tougher-regulation-amid-igot-scandal-20160412-go44xo.html
4,12,2016,cointelegraph.com,http://cointelegraph.com/news/uk-regulators-declare-start-of-beautiful-friendship-with-bitcoin-ethereum
4,12,2016,news.postimees.ee,http://news.postimees.ee/3652435/supreme-court-subjects-bitcoins-trade-to-money-laundering-rules
4,12,2016,bitcoinmagazine.com,https://bitcoinmagazine.com/articles/u-s-state-department-recommends-development-of-blockchain-and-distributed-ledgers-to-international-partners-1460482660
4,12,2016,boersennews.de,http://www.boersennews.de/nachrichten/artikel/gnw-news--mit-neuem-angebot-von-ph-miners-inc-3000-us-dollar-bei-bitcoin--und-litecoin-minern-sparen/465484097
4,12,2016,wallstreet-online.de,http://www.wallstreet-online.de/nachricht/8501965-ph-miners-inc-s-new-deal-offers-3000-savings-on-bitcoin-and-litecoin-miners
4,12,2016,bnn.lv,http://bnn.lv/igaunija-i-bitcoin-i-tirdzniecibu-atzist-par-saimniecisko-darbibu-184958
4,12,2016,brisbanetimes.com.au,http://www.brisbanetimes.com.au/business/banking-and-finance/bitcoin-faces-calls-for-tougher-regulation-amid-igot-scandal-20160412-go44xo.html
4,12,2016,cryptocoinsnews.com,https://www.cryptocoinsnews.com/donald-trump-presidency-increase-bitcoin-remittances-mexico/
4,12,2016,newsbtc.com,http://www.newsbtc.com/2016/04/12/money-partner-group-boards-bitcoin-bandwagon-investment-kraken/
4,12,2016,aktiencheck.de,http://aktiencheck.de/analysen/Artikel-GNW_News_neuem_Angebot_von_pH_Miners_Inc_3000_US_Dollar_Bitcoin_und_Litecoin_Minern_sparen-7131145
4,12,2016,idgnow.com.br,http://idgnow.com.br/internet/2016/04/11/bitcoin-vai-continuar-independente-de-governos-diz-especialista/
4,12,2016,stock-world.de,http://stock-world.de/nachrichten/marktberichte/GNW-News-neuem-Angebot-von-pH-Miners-Inc-3000-US-Dollar-Bitcoin-und-Litecoin-Minern-sparen-n7131145.html
4,12,2016,finanznachrichten.de,http://www.finanznachrichten.de/nachrichten-2016-04/37046150-ph-miners-inc-mit-neuem-angebot-von-ph-miners-inc-3000-us-dollar-bei-bitcoin-und-litecoin-minern-sparen-382.htm
4,12,2016,softpedia.com,http://news.softpedia.com/news/coinwallet-bitcoin-trader-shuts-down-following-data-breach-502843.shtml
4,12,2016,indonesiatribune.com,http://www.indonesiatribune.com/ph-miners-incs-new-deal-offers-3000-savings-on-bitcoin-and-litecoin-miners
4,12,2016,indonesiatribune.com,http://www.indonesiatribune.com/ph-miners-incs-new-deal-offers-3000-savings-on-bitcoin-and-litecoin-miners-2
4,12,2016,seekingalpha.com,http://seekingalpha.com/article/3964622-barclays-bitcoin-fintech-british-bank-disrupting-finance
4,12,2016,thehindu.com,http://www.thehindu.com/news/national/has-bitcoin-become-the-new-ransom-money/article8468066.ece
4,12,2016,bitcoinist.net,http://bitcoinist.net/porn-ransomware-on-android-does-not-demand-bitcoin-payment/
4,12,2016,globenewswire.com,http://globenewswire.com/news-release/2016/04/11/827812/0/en/pH-Miners-Inc-s-new-deal-offers-3000-savings-on-Bitcoin-and-Litecoin-miners.html
4,12,2016,stock-world.de,http://www.stock-world.de/nachrichten/marktberichte/GNW-News-neuem-Angebot-von-pH-Miners-Inc-3000-US-Dollar-Bitcoin-und-Litecoin-Minern-sparen-n7131145.html
4,12,2016,boersennews.de,http://www.boersennews.de/nachrichten/artikel/mit-neuem-angebot-von-ph-miners-inc-3000-us-dollar-bei-bitcoin--und-litecoin-minern-sparen/465484104
4,12,2016,newsbtc.com,http://www.newsbtc.com/2016/04/12/mmm-republic-of-bitcoin-shuts-down/
4,12,2016,koreabizwire.com,http://koreabizwire.com/ph-miners-incs-new-deal-offers-3000-savings-on-bitcoin-and-litecoin-miners/53035
4,12,2016,finanzen.net,http://www.finanzen.net/nachricht/aktien/GNW-News-Mit-neuem-Angebot-von-pH-Miners-Inc-3000-US-Dollar-bei-Bitcoin-und-Litecoin-Minern-sparen-4825916
4,12,2016,bitcoinist.net,http://bitcoinist.net/bitcoinaverage-report-boring-bitcoin/
4,12,2016,businesswire.com,http://www.businesswire.com/news/home/20160412005403/en/MIT-Adopts-Ripple-Validator-Advance-Consensus-Blockchain
4,12,2016,nasdaq.com,http://www.nasdaq.com/article/us-state-department-recommends-development-of-blockchain-and-distributed-ledgers-to-international-partners-cm605334
4,12,2016,coindesk.com,http://www.coindesk.com/circles-uk-license-blockchain-impact/
4,12,2016,bravenewcoin.com,http://bravenewcoin.com/news/stratumn-raises-funds-for-blockchain-app-development-platform/
4,12,2016,ibtimes.co.uk,http://www.ibtimes.co.uk/overstocks-patrick-byrne-i-feel-blockchain-revolution-my-victory-1554518
4,12,2016,coindesk.com,http://www.coindesk.com/trade-groups-unite-to-launch-blockchain-forum/
4,12,2016,bitcoinmagazine.com,https://bitcoinmagazine.com/articles/u-s-state-department-recommends-development-of-blockchain-and-distributed-ledgers-to-international-partners-1460482660
4,12,2016,newsoninvest.com,http://newsoninvest.com/2016/04/12/regulation-and-blockchain-do-no-harm/
4,12,2016,marketwatch.com,http://www.marketwatch.com/story/mit-adopts-ripple-validator-to-advance-consensus-and-blockchain-research-2016-04-12
4,12,2016,coindesk.com,http://www.coindesk.com/coinalytics-rebrands-skry-hires-ibm-watson-architect-build-blockchain-agnostic-platform/
4,12,2016,the-blockchain.com,http://www.the-blockchain.com/2016/04/12/ethereum-meets-energy-industry-brooklyns-lo3-records-worlds-first-paid-energy-trade-using-blockchain-tech/
4,12,2016,newsbtc.com,http://www.newsbtc.com/2016/04/12/chain-mufg-issue-promissory-notes-blockchain/
4,12,2016,econotimes.com,http://www.econotimes.com/Decentralized-Blockchain-Tokens-Platform-WAVES-To-Start-ICO-Today-193082
4,12,2016,cointelegraph.com,http://cointelegraph.com/news/uk-regulators-declare-start-of-beautiful-friendship-with-bitcoin-ethereum
4,12,2016,the-blockchain.com,http://www.the-blockchain.com/2016/04/12/ethereum-meets-energy-industry-brooklyns-lo3-records-worlds-first-paid-energy-trade-using-blockchain-tech/
4,12,2016,vice.com,http://motherboard.vice.com/read/transactive-grid-ethereum-brooklyn-microgrid
4,12,2016,vice.com,http://motherboard.vice.com/en_uk/read/transactive-grid-ethereum-brooklyn-microgrid
4,13,2016,americanbanker.com,http://www.americanbanker.com/news/bank-technology/what-a-tech-startups-pivots-say-about-bitcoins-future-1080400-1.html
4,13,2016,muypymes.com,http://www.muypymes.com/2014/02/28/viaje-al-universo-de-empresas-que-sostienen-el-sueno-bitcoin-y-2
4,13,2016,newsbtc.com,http://www.newsbtc.com/2016/04/13/bitcoin-is-never-going-to-be-a-reserve-currency-pavel-kravchenko/
4,13,2016,reuters.com,http://www.reuters.com/article/bitcoin-regulator-new-york-idUSL2N17G1UW
4,13,2016,dailysun.co.za,http://www.dailysun.co.za/News/National/bitcoin-scheme-shut-down-20160412
4,13,2016,muypymes.com,http://www.muypymes.com/2014/02/27/viaje-al-universo-de-empresas-que-sostienen-el-sueno-bitcoin-i
4,13,2016,americanbanker.com,http://www.americanbanker.com/news/bank-technology/what-a-tech-startups-pivots-say-about-bitcoins-future-1080400-1.html
4,13,2016,bitcoinist.net,http://bitcoinist.net/bitcoin-conference-russia-ethereum/
4,13,2016,bitcoinmagazine.com,https://bitcoinmagazine.com/articles/second-annual-bay-bithack-hackathon-yields-new-bitcoin-and-blockchain-apps-1460563743
4,13,2016,coinreport.net,https://coinreport.net/adcca-working-code-conduct-igot-customers-demand-bitcoin-refunds/
4,13,2016,cryptocoinsnews.com,https://www.cryptocoinsnews.com/kraken-series-b-bitcoin-ethereum-japan/
4,13,2016,easybourse.com,https://www.easybourse.com/marches/valeurs/communique-presse/1191216/la-nouvelle-offre-ph-miners-inc.-propose-une-economie-3-000-usd-sur-mineurs-crypto-monnaies-bitcoin-litecoin.html
4,13,2016,wallstreetitalia.com,http://www.wallstreetitalia.com/news/australia-perquisita-casa-presunto-fondatore-bitcoin/
4,13,2016,cointelegraph.com,http://cointelegraph.com/news/airbnb-acquisition-of-bitcoin-entrepreneurs-does-not-mean-bitcoin-or-blockchain-foray
4,13,2016,themerkle.com,http://themerkle.com/australian-regulator-releases-statement-on-embattled-bitcoin-exchange-igot/
4,13,2016,globenewswire.com,http://globenewswire.com/news-release/2016/04/13/828295/0/pt/O-novo-neg%C3%B3cio-da-pH-Miners-Inc-oferece-US-3-000-de-economia-na-compra-dos-mineradores-de-Bitcoin-e-Litecoin.html
4,13,2016,aripaev.ee,http://www.aripaev.ee/arvamused/2016/04/13/riigikohtu-bitcoini-otsus-teeb-ettevotjale-karuteene
4,13,2016,globenewswire.com,http://inpublic.globenewswire.com/2016/04/13/Mit+neuem+Angebot+von+pH+Miners+Inc+3000+US+Dollar+bei+Bitcoin+und+Litecoin+Minern+sparen+HUG2003019.html
4,13,2016,cryptocoinsnews.com,https://www.cryptocoinsnews.com/blockchain-bitcoin-conference-prague-2016/
4,13,2016,cryptocoinsnews.com,https://www.cryptocoinsnews.com/a-bitcoiner-turned-100-bills-into-bitcoin-paper-wallets/
4,13,2016,itespresso.fr,http://www.itespresso.fr/press-release/la-nouvelle-offre-de-ph-miners-inc-propose-une-conomie-de-3-000-usd-sur-les-mineurs-de-crypto-monnaies-bitcoin-et-litecoin
4,13,2016,cryptocoinsnews.com,https://www.cryptocoinsnews.com/bitcoin-company-xapo-facing-mounting-customer-complaints/
4,13,2016,coindesk.com,http://www.coindesk.com/federal-state-blockchain-laws/
4,13,2016,cryptocoinsnews.com,https://www.cryptocoinsnews.com/u-k-treasury-mp-talks-up-fintech-blockchain-digital-currencies/
4,13,2016,bitcoinmagazine.com,https://bitcoinmagazine.com/articles/second-annual-bay-bithack-hackathon-yields-new-bitcoin-and-blockchain-apps-1460563743
4,13,2016,ifre.com,http://www.ifre.com/isda-agm-ccp-leaders-disagree-over-merits-of-blockchain/21242877.article
4,13,2016,cointelegraph.com,http://cointelegraph.com/news/airbnb-acquisition-of-bitcoin-entrepreneurs-does-not-mean-bitcoin-or-blockchain-foray
4,13,2016,cio.in,http://www.cio.in/analysis/5-things-you-should-know-about-blockchain
4,13,2016,cryptocoinsnews.com,https://www.cryptocoinsnews.com/blockchain-bitcoin-conference-prague-2016/
4,13,2016,m.lesechos.fr,http://m.lesechos.fr/une/apres-les-banques-airbnb-s-interesse-a-la-blockchain-021837549431.htm
4,13,2016,newsbtc.com,http://www.newsbtc.com/2016/04/13/standards-australia-maybe-prematurely-calling-global-blockchain-standards/
4,13,2016,cio.com.au,http://www.cio.com.au/article/597714/5-things-should-know-about-blockchain/
4,13,2016,computerworld.com.sg,http://computerworld.com.sg/tech/security/5-things-you-should-know-about-the-blockchain/
4,13,2016,coindesk.com,http://www.coindesk.com/blockchain-trusts-more-transparent/
4,13,2016,econotimes.com,http://www.econotimes.com/Russia-Likely-To-Launch-Blockchain-Based-Pilot-Project-For-Identification-Of-Banks-Customers-194118
4,13,2016,cointelegraph.com,http://cointelegraph.com/news/talented-students-to-get-employed-by-ethereum-labs-and-consensys
4,13,2016,bitcoinist.net,http://bitcoinist.net/bitcoin-conference-russia-ethereum/
4,13,2016,cryptocoinsnews.com,https://www.cryptocoinsnews.com/kraken-series-b-bitcoin-ethereum-japan/
4,13,2016,cointelegraph.com,http://cointelegraph.com/news/talented-students-to-get-employed-by-ethereum-labs-and-consensys
4,14,2016,yahoo.com,http://finance.yahoo.com/news/former-regulator-turns-bitcoin-tech-202718744.html
4,14,2016,bitcoinist.net,http://bitcoinist.net/money-2020-blythe-masters-blockchain/
4,14,2016,nasdaq.com,http://www.nasdaq.com/article/code-to-inspire-bitcoin-gives-afghan-women-financial-freedom-cm606465
4,14,2016,reuters.com,http://in.reuters.com/article/bitcoin-regulator-new-york-idINL2N17G1UW
4,14,2016,cointelegraph.com,http://cointelegraph.com/news/ethereum-market-cap-moved-by-greed-reason-and-escape-from-bitcoin
4,14,2016,ventureburn.com,http://ventureburn.com/2016/04/fintech-revolution-disrupting-banking-bitcoin-much/
4,14,2016,themerkle.com,http://themerkle.com/bitcoin-regulator-benjamin-lawsky-now-offers-blockchain-consulting-to-axoni/
4,14,2016,bitcoinist.net,http://bitcoinist.net/healthcare-industry-will-face-even-more-bitcoin-ransomware-threats/
4,14,2016,4-traders.com,http://www.4-traders.com/MICROSOFT-CORPORATION-4835/news/Microsoft-will-accept-bitcoin-correcting-earlier-reports-22171324/
4,14,2016,bitcoinmagazine.com,https://bitcoinmagazine.com/articles/code-to-inspire-bitcoin-gives-afghan-women-financial-freedom-1460652348
4,14,2016,coindesk.com,http://www.coindesk.com/airbnb-no-plans-bitcoin-industry-startup-acqui-hire/
4,14,2016,sdpnoticias.com,http://www.sdpnoticias.com/nacional/2016/04/14/escandalo-panamapapers-prueba-de-que-bitcoin-es-la-solucion-a-la-falta-de-transparencia
4,14,2016,bitcoinmagazine.com,https://bitcoinmagazine.com/articles/us-comptroller-of-the-currency-calls-for-innovative-regulations-on-digital-currencies-and-fintech-1460587226
4,14,2016,coinspeaker.com,http://www.coinspeaker.com/2016/04/14/genesis-mining-offers-bitcoin-bypass-donald-trumps-mexican-remittance-wall/
4,14,2016,siliconangle.com,http://siliconangle.com/blog/2016/04/13/bitcoin-weekly-2016-april-13-storj-beta-added-to-azure-baas-ecosystem-shapeshift-hacked-kraken-series-b-investment/
4,14,2016,newsbtc.com,http://www.newsbtc.com/2016/04/14/business-intelligence-report-mentions-bitcoin-and-blockchain/
4,14,2016,ibtimes.co.uk,http://www.ibtimes.co.uk/waves-raises-2m-24-hours-bid-take-permissioned-blockchains-1554785
4,14,2016,bitcoinist.net,http://bitcoinist.net/money-2020-blythe-masters-blockchain/
4,14,2016,cio.com.au,http://www.cio.com.au/article/598000/what-blockchain-how-does-it-work/
4,14,2016,out-law.com,http://www.out-law.com/en/articles/2016/april/blockchain-could-help-regulators-spot-signs-of-failing-financial-market-says-us-regulator/
4,14,2016,atelier.net,http://www.atelier.net/trends/articles/vers-une-harmonisation-droit-grace-blockchain_441177
4,14,2016,themerkle.com,http://themerkle.com/bitcoin-regulator-benjamin-lawsky-now-offers-blockchain-consulting-to-axoni/
4,14,2016,marketwatch.com,http://www.marketwatch.com/story/follow-my-vote-launches-crowdfunding-campaign-for-verifiable-open-source-blockchain-voting-software-making-voting-honest-and-convenient-for-all-2016-04-14
4,14,2016,newsbtc.com,http://www.newsbtc.com/2016/04/14/business-intelligence-report-mentions-bitcoin-and-blockchain/
4,14,2016,prnewswire.com,http://www.prnewswire.com/news-releases/follow-my-vote-launches-crowdfunding-campaign-for-verifiable-open-source-blockchain-voting-software-making-voting-honest-and-convenient-for-all-300251964.html
4,14,2016,ibtimes.co.uk,http://www.ibtimes.co.uk/waves-raises-2m-24-hours-bid-take-permissioned-blockchains-1554785
4,14,2016,cio.com,http://www.cio.com/article/3055847/security/what-is-blockchain-and-how-does-it-work.html
4,14,2016,cryptocoinsnews.com,https://www.cryptocoinsnews.com/blockchain-platform-waves-raise-more-than-2m-at-the-start-of-the-crowdsale-campaign/
4,14,2016,thestreet.com,http://www.thestreet.com/story/13531917/1/follow-my-vote-launches-crowdfunding-campaign-for-verifiable-open-source-blockchain-voting-software-making-voting-honest-and-convenient-for-all.html
4,14,2016,tnooz.com,https://www.tnooz.com/article/airbnb-acquires-a-team-of-blockchain-techies/
4,14,2016,networkworld.com,http://www.networkworld.com/article/3056022/security/what-is-blockchain-and-how-does-it-work.html
4,14,2016,cointelegraph.com,http://cointelegraph.com/news/ethereum-market-cap-moved-by-greed-reason-and-escape-from-bitcoin
4,15,2016,zocalo.com.mx,http://www.zocalo.com.mx/seccion/articulo/empresa-de-eu-promovera-bitcoins-para-garantizar-remesas-a-mexico-146076052
4,15,2016,elmanana.com,http://www.elmanana.com/empresadeeuapromoverabitcoinsparagarantizarremesasamexico-3253291.html
4,15,2016,terra.com,http://noticias.terra.com/mundo/empresa-de-eua-promovera-bitcoins-para-garantizar-remesas-a-mexico,f8c3e7797371e94f9215cad0e9cfe4a6rvx9dzuj.html
4,15,2016,coindesk.com,http://www.coindesk.com/bitcoin-price-stable-ether-drops-50-percent/
4,15,2016,cointelegraph.com,http://cointelegraph.com/news/bitcoin-will-help-mexicans-to-overcome-trumps-border-wall
4,15,2016,bitcoinist.net,http://bitcoinist.net/european-parliament-to-host-educational-blockchain-conference/
4,15,2016,cryptocoinsnews.com,https://www.cryptocoinsnews.com/bitcoin-core-dev-jeff-garzik-block-size/
4,15,2016,pymnts.com,http://www.pymnts.com/news/bitcoin-tracker/2016/lawsky-backs-blockchain-bitcoin-miners-take-on-trumps-wall/
4,15,2016,cointelegraph.com,http://cointelegraph.com/news/owner-moves-bitcoin-exchange-out-of-estonia-after-landmark-supreme-court-decision
4,15,2016,elmanana.com,http://www.elmanana.com/empresadeeuapromoverabitcoinsparagarantizarremesasamexico-3253291.html
4,15,2016,paymentssource.com,http://www.paymentssource.com/news/paythink/bitcoin-tech-forces-banks-to-think-like-it-companies-3023915-1.html
4,15,2016,bitcoinist.net,http://bitcoinist.net/celebrate-two-years-arnhem-bitcoincity-bitcoin-use-event/
4,15,2016,techcentral.co.za,http://www.techcentral.co.za/cape-start-up-taps-bitcoin-to-fight-piracy/64612/
4,15,2016,zocalo.com.mx,http://www.zocalo.com.mx/seccion/articulo/empresa-de-eu-promovera-bitcoins-para-garantizar-remesas-a-mexico-146076052
4,15,2016,greentechmedia.com,http://www.greentechmedia.com/articles/read/beyond-bitcoin-we-explain-how-blockchain-could-transform-the-energy-sector
4,15,2016,yahoo.com,https://www.yahoo.com/news/bitcoin-world-disputes-uphold-internet-of-money-andreas-antonopoulos-210907255.html
4,15,2016,fin24.com,http://www.fin24.com/Tech/Featured/cape-startup-taps-bitcoin-to-fight-piracy-20160415
4,15,2016,terra.com,http://noticias.terra.com/mundo/empresa-de-eua-promovera-bitcoins-para-garantizar-remesas-a-mexico,f8c3e7797371e94f9215cad0e9cfe4a6rvx9dzuj.html
4,15,2016,insomnia.gr,http://www.insomnia.gr/topic/606481-%CE%B1%CE%B3%CE%BF%CF%81%CE%AC-bitcoin-%CE%B1%CF%80%CF%8C-%CF%84%CE%B1-500-easypay-atm-%CF%84%CE%B7%CF%82-%CF%84%CF%81%CE%AC%CF%80%CE%B5%CE%B6%CE%B1%CF%82-%CF%80%CE%B5%CE%B9%CF%81%CE%B1%CE%B9%CF%8E%CF%82/
4,15,2016,cryptocoinsnews.com,https://www.cryptocoinsnews.com/san-diego-sees-2-new-bitcoin-atms/
4,15,2016,buzzstake.com,http://buzzstake.com/ph-miners-incs-new-deal-offers-3000-savings-on-bitcoin-and/
4,15,2016,fxpips.com,http://www.fxpips.com/bitcoin-mining-empire-pours-in-1-6-million-capital-in-digital-currency-focused-trading-firm-bitkan/
4,15,2016,softpedia.com,http://news.softpedia.com/news/ctb-locker-ransomware-uses-bitcoin-blockchain-to-store-deliver-decryption-keys-503017.shtml
4,15,2016,cryptocoinsnews.com,https://www.cryptocoinsnews.com/bitcoin-dev-peter-todd-forced-soft-forks-send-dangerous-message/
4,15,2016,bitcoinist.net,http://bitcoinist.net/blockchain-platform-waves-raise-more-than-2m-at-the-start-of-the-crowdsale-campaign/
4,15,2016,cryptocoinsnews.com,https://www.cryptocoinsnews.com/euro-parliament-host-blockchain-virtual-currencies-crash-course/
4,15,2016,pymnts.com,http://www.pymnts.com/news/bitcoin-tracker/2016/lawsky-backs-blockchain-bitcoin-miners-take-on-trumps-wall/
4,15,2016,idg.com.au,http://www.pcworld.idg.com.au/article/598000/what-blockchain-how-does-it-work/
4,15,2016,bitcoinist.net,http://bitcoinist.net/european-parliament-to-host-educational-blockchain-conference/
4,15,2016,coindesk.com,http://www.coindesk.com/fed-governor-lael-brainard-blockchain/
4,15,2016,softpedia.com,http://news.softpedia.com/news/ctb-locker-ransomware-uses-bitcoin-blockchain-to-store-deliver-decryption-keys-503017.shtml
4,15,2016,greentechmedia.com,http://www.greentechmedia.com/articles/read/beyond-bitcoin-we-explain-how-blockchain-could-transform-the-energy-sector
4,15,2016,frenchweb.fr,http://www.frenchweb.fr/ils-lont-dit-blockchain-slow-business-fwdmedia-le-meilleur-de-la-semaine/238520
4,15,2016,cryptocoinsnews.com,https://www.cryptocoinsnews.com/blockchain-project-thinks-microsoft-azure-license-agreement-goes-far/
4,15,2016,itnewsonline.com,http://www.itnewsonline.com/prnewswire/Follow-My-Vote-Launches-Crowdfunding-Campaign-For-Verifiable-Open-Source-Blockchain-Voting-Software-Making-Voting-Honest-And-Convenient-For-All/429294
4,15,2016,bitcoinist.net,http://bitcoinist.net/blockchain-platform-waves-raise-more-than-2m-at-the-start-of-the-crowdsale-campaign/
4,15,2016,ibtimes.co.uk,http://www.ibtimes.co.uk/ethereum-based-system-cv-smart-contracts-save-recruiters-time-money-1555118
4,16,2016,horacero.com.mx,http://www.horacero.com.mx/internacional/empresa-eu-promovera-bitcoins-garantizar-remesas-a-mexico/
4,16,2016,softpedia.com,http://news.softpedia.com/news/gatecoin-bitcoin-exchange-loses-2-million-following-cyber-heist-504128.shtml
4,16,2016,money-marketuk.com,http://www.money-marketuk.com/business-and-finance/7314-bitcoin-finds-room-in-small-funds-large-institutions-still-on-sidelines.html
4,16,2016,newsbtc.com,http://www.newsbtc.com/2016/04/16/south-african-startup-fight-movie-piracy-using-bitcoin/
4,16,2016,bravenewcoin.com,http://bravenewcoin.com/news/coincheck-collects-bitcoin-donations-for-kumamoto-earthquake-victims/
4,16,2016,itnewsonline.com,http://www.itnewsonline.com/prnewswire/pH-Miners-Inc.s-New-Deal-Offers-$3000-Savings-on-Bitcoin-and-Litecoin-Miners/429392
4,16,2016,cryptocoinsnews.com,https://www.cryptocoinsnews.com/bitcoin-business-ideas/
4,16,2016,buzzstake.com,http://buzzstake.com/ph-miners-inc-s-new-deal-offers-3000-savings-on-bitcoin-and-litecoin-miners/
4,16,2016,prnewswire.com,http://www.prnewswire.com/news-releases/ph-miners-incs-new-deal-offers-3000-savings-on-bitcoin-and-litecoin-miners-300252529.html
4,16,2016,horacero.com.mx,http://www.horacero.com.mx/internacional/empresa-eu-promovera-bitcoins-garantizar-remesas-a-mexico/
4,16,2016,digitoday.fi,http://www.digitoday.fi/bisnes/2013/04/16/bitcoinin-menestys-tekisi-ymparistolle-tepposet/20135504/66
4,16,2016,associationsnow.com,http://associationsnow.com/2016/04/new-industry-forum-eyes-global-collaboration-bitcoin-space/
4,16,2016,streetinsider.com,http://www.streetinsider.com/Press+Releases/pH+Miners+Inc.s+New+Deal+Offers+$3,000+Savings+on+Bitcoin+and+Litecoin+Miners/11510526.html
4,16,2016,marketwatch.com,http://www.marketwatch.com/story/ph-miners-incs-new-deal-offers-3000-savings-on-bitcoin-and-litecoin-miners-2016-04-15
4,16,2016,coinspeaker.com,http://www.coinspeaker.com/2016/04/15/life-sreda-partnered-fintech-expert-establish-blockchain-investment-fund/
4,16,2016,coinreport.net,https://coinreport.net/standards-australia-urges-iso-issue-blockchain-standards/
4,16,2016,futuresmag.com,http://www.futuresmag.com/2016/04/16/bankchain-itbit-settling-blockchain
4,16,2016,ilsole24ore.com,http://nova.ilsole24ore.com/progetti/promesse-da-blockchain/
4,16,2016,cryptocoinsnews.com,https://www.cryptocoinsnews.com/blockchain-industry-stripped-innovation-innovation/
4,17,2016,cryptocoinsnews.com,https://www.cryptocoinsnews.com/hotel-booking-website-hotelgo24-offers-user-rewards-in-bitcoin/
4,17,2016,newsbtc.com,http://www.newsbtc.com/2016/04/17/bitcoin-difficulty-level/
4,17,2016,coindesk.com,http://www.coindesk.com/blockchain-tech-data-protection-authority-radars/
4,17,2016,bravenewcoin.com,http://bravenewcoin.com/news/blockonomics-introduces-the-next-generation-of-blockchain-explorer/
4,18,2016,economiahoy.mx,http://www.economiahoy.mx/economia-eAm-mexico/noticias/7500915/04/16/Empresa-de-Estados-Unidos-promovera-Bitcoins-para-garantizar-remesas-a-Mexico.html
4,18,2016,faz.net,http://www.faz.net/aktuell/finanzen/devisen-rohstoffe/bitcoins-ermoeglichen-steuerhinterziehung-per-internet-14182299.html
4,18,2016,coindesk.com,http://www.coindesk.com/uk-treasury-we-wont-regulate-bitcoin-wallet-providers/
4,18,2016,bitcoinmagazine.com,https://bitcoinmagazine.com/articles/bitcoin-mining-giant-bitmain-invests-million-in-shenzen-based-bitcoin-trading-platform-bitkan-1460991930
4,18,2016,coinspeaker.com,http://www.coinspeaker.com/2016/04/18/indias-leading-bitcoin-exchange-coinsecure-has-raised-over-1-2-million-in-ongoing-fund-raising-campaign/
4,18,2016,econotimes.com,http://www.econotimes.com/Michael-Chobanian-Discards-Ukraines-Bitcoin-Legalization-Draft-Law-Plans-196412
4,18,2016,generation-nt.com,http://www.generation-nt.com/bitcoin-joueurs-enjeux-avenir-crypto-monnaie-actualite-1927802.html
4,18,2016,newsbtc.com,http://www.newsbtc.com/2016/04/18/bitcoin-trademark-issued-for-the-first-time-in-russia/
4,18,2016,econotimes.com,http://www.econotimes.com/Coincheck-Launches-Bitcoin-Relief-Fund-For-Japan-Earthquake-Victims-196332
4,18,2016,cryptocoinsnews.com,https://www.cryptocoinsnews.com/exposed-database-linked-to-bitcoin-casino-account-thefts/
4,18,2016,newsbtc.com,http://www.newsbtc.com/2016/04/18/indias-leading-bitcoin-exchange-coinsecure-raised-1-2-million-ongoing-fund-raising-campaign/
4,18,2016,cryptocoinsnews.com,https://www.cryptocoinsnews.com/indias-leading-bitcoin-exchange-coinsecure-raised-1-2-million-ongoing-fund-raising-campaign/
4,18,2016,newsbtc.com,http://www.newsbtc.com/2016/04/18/indian-bitcoin-exchange-coinsecure-raises-1-2-million/
4,18,2016,cointelegraph.com,http://cointelegraph.com/news/dodgy-dave-cameron-gets-on-fintech-bandwagon-bitcoin-as-ultimate-offshore
4,18,2016,finextra.com,https://www.finextra.com/pressarticle/64045/indian-bitcoin-exchange-coinsecure-raises-12m
4,18,2016,onlinecasinoreports.com,http://www.onlinecasinoreports.com/articles/prague-to-host-the-bitcoin--blockchain-conference-next-month.php
4,18,2016,cryptocoinsnews.com,https://www.cryptocoinsnews.com/the-bitcoin-market-in-south-africa-explodes-thanks-to-bitmart-co-za/
4,18,2016,coindesk.com,http://www.coindesk.com/korean-securities-broker-inks-deal-local-bitcoin-exchange/
4,18,2016,ndtv.com,http://gadgets.ndtv.com/apps/news/india-funding-roundup-an-electric-motorcycle-maker-bitcoin-trading-platform-and-more-827219
4,18,2016,economiahoy.mx,http://www.economiahoy.mx/economia-eAm-mexico/noticias/7500915/04/16/Empresa-de-Estados-Unidos-promovera-Bitcoins-para-garantizar-remesas-a-Mexico.html
4,18,2016,bitcoinist.net,http://bitcoinist.net/japanese-bank-acknowledges-mijin-blockchain-infrastructure-test/
4,18,2016,nasdaq.com,http://www.nasdaq.com/article/bitcoin-mining-giant-bitmain-invests-16-million-in-shenzen-based-bitcoin-trading-platform-bitkan-cm607659
4,18,2016,faz.net,http://www.faz.net/aktuell/finanzen/devisen-rohstoffe/bitcoins-ermoeglichen-steuerhinterziehung-per-internet-14182299.html
4,18,2016,siliconrepublic.com,https://www.siliconrepublic.com/business/2016/04/18/fintech-glossary-blockchain-investment-jargon
4,18,2016,onlinecasinoreports.com,http://www.onlinecasinoreports.com/articles/prague-to-host-the-bitcoin--blockchain-conference-next-month.php
4,18,2016,itworldcanada.com,http://www.itworldcanada.com/article/when-is-a-blockchain-not-a-blockchain-microsoft-pushes-further-into-distributed-ledger-world-with-r3/382441
4,18,2016,coindesk.com,http://www.coindesk.com/new-york-energy-czar-blockchain/
4,18,2016,finextra.com,https://www.finextra.com/blogposting/12489/blockchain-beyond-the-hype
4,18,2016,businessnews.com.au,https://www.businessnews.com.au/diaryplanner/AICD-Blockchain-Bootcamp-Briefing
4,18,2016,coindesk.com,http://www.coindesk.com/polish-ministry-digital-affairs-blockchain/
4,18,2016,cryptocoinsnews.com,https://www.cryptocoinsnews.com/the-blockchain-as-a-solution-to/
4,18,2016,bitcoinist.net,http://bitcoinist.net/japanese-bank-acknowledges-mijin-blockchain-infrastructure-test/
4,18,2016,equities.com,https://www.equities.com/news/the-blockchain-revolution-and-the-future-of-fintech
4,19,2016,newsbtc.com,http://www.newsbtc.com/2016/04/19/bitcoin-is-better-off-without-being-legalized-in-ukraine/
4,19,2016,cryptocoinsnews.com,https://www.cryptocoinsnews.com/bitcoin-exchange-shapeshift-hacks-sees-230000-lost/
4,19,2016,newsbtc.com,http://www.newsbtc.com/2016/04/19/darknet-market-nucleus-loses-users-deposit-worth-5k-bitcoin/
4,19,2016,casinoscamreport.com,http://www.casinoscamreport.com/prague-plays-host-bitcoin-blockchain-conference/
4,19,2016,bitcoinmagazine.com,https://bitcoinmagazine.com/articles/airbnb-hire-of-changetip-staff-sparks-new-interest-in-bitcoin-and-blockchain-for-iot-1461078211
4,19,2016,afkinsider.com,http://afkinsider.com/123619/targeting-africa-chinese-bitcoin-mining-giant-invests-in-trading-platform/
4,19,2016,marketplace.org,http://www.marketplace.org/2016/04/18/education/secretary-future/what-can-higher-education-learn-bitcoin
4,19,2016,cryptocoinsnews.com,https://www.cryptocoinsnews.com/bitcoin-miners-and-industry-meet-in-beijing/
4,19,2016,thelocal.no,http://www.thelocal.no/20160419/bitcoin-not-real-money-says-norways-taxman
4,19,2016,afkinsider.com,https://afkinsider.com/123619/targeting-africa-chinese-bitcoin-mining-giant-invests-in-trading-platform/
4,19,2016,newsbtc.com,http://www.newsbtc.com/2016/04/19/use-bitcoin-start-trading-forex-simplefx/
4,19,2016,softpedia.com,http://news.softpedia.com/news/bitpay-bitcoin-processor-warns-against-new-coinbitclip-trojan-503131.shtml
4,19,2016,newsbtc.com,http://www.newsbtc.com/2016/04/19/first-global-credit-use-bitcoin-collateral-trade-stocks-etfs/
4,19,2016,bitcoinist.net,http://bitcoinist.net/coinsecure-secures-series-a-funding/
4,19,2016,bitcoinist.net,http://bitcoinist.net/augur-returns-to-exponential-finance-conference/
4,19,2016,investopedia.com,http://www.investopedia.com/articles/investing/041816/fundraising-bitcoin-startups-india.asp
4,19,2016,coinspeaker.com,http://www.coinspeaker.com/category/news/cryptocurrencies/bitcoin/investors/
4,19,2016,thestar.com.my,http://www.thestar.com.my/tech/tech-news/2016/04/26/eu-lawmakers-to-hold-off-from-regulating-blockchain-for-now/
4,19,2016,reuters.com,http://www.reuters.com/article/eu-blockchain-regulations-idUSL5N17P4I4
4,19,2016,reuters.com,http://in.reuters.com/article/eu-blockchain-regulations-idINKCN0XN0Y9
4,19,2016,investing.com,http://www.investing.com/news/economy-news/eu-lawmakers-to-hold-off-from-regulating-blockchain-for-now-397887
4,19,2016,irishtimes.com,http://www.irishtimes.com/business/technology/eu-lawmakers-to-hold-off-from-regulating-blockchain-for-now-1.2624918
4,19,2016,yahoo.com,https://www.yahoo.com/tech/eu-lawmakers-hold-off-regulating-blockchain-now-165501476--sector.html
4,19,2016,coindesk.com,http://www.coindesk.com/deutsche-bank-blockchain-strategy/
4,19,2016,cryptocoinsnews.com,https://www.cryptocoinsnews.com/21-inc-s-balaji-srinivasan-pays-close-attention-blockchain-consortiums/
4,19,2016,bitcoinmagazine.com,https://bitcoinmagazine.com/articles/airbnb-hire-of-changetip-staff-sparks-new-interest-in-bitcoin-and-blockchain-for-iot-1461078211
4,19,2016,euromoney.com,http://www.euromoney.com/Article/3546295/Wirex-brings-blockchain-to-personal-banking.html
4,19,2016,coinreport.net,https://coinreport.net/blockchain-industry-groups-launch-global-blockchain-forum/
4,19,2016,businessinsider.com,http://www.businessinsider.com/federal-reserve-speaks-up-on-blockchain-2016-4
4,19,2016,casinoscamreport.com,http://www.casinoscamreport.com/prague-plays-host-bitcoin-blockchain-conference/
4,19,2016,techcitynews.com,http://techcitynews.com/event/the-future-of-blockchain-2/
4,19,2016,ibtimes.com,http://www.ibtimes.com/blockchain-technology-could-help-solve-75-billion-counterfeit-drug-problem-2355984
4,19,2016,coinspeaker.com,http://www.coinspeaker.com/category/news/blockchain/banks/
4,19,2016,coindesk.com,http://www.coindesk.com/mits-adoption-ripple-blockchain-theory/
4,20,2016,bravenewcoin.com,http://bravenewcoin.com/news/segregated-witness-has-been-released-tackling-bitcoins-transaction-limit/
4,20,2016,bitcoinist.net,http://bitcoinist.net/bitcoin-wallets-hardware-needed/
4,20,2016,pbs.org,http://www.pbs.org/newshour/making-sense/in-the-age-of-the-panama-papers-is-bitcoin-technology-the-future/
4,20,2016,bankingtech.com,http://www.bankingtech.com/category/blockchainbitcoin/
4,20,2016,cointelegraph.com,http://cointelegraph.com/news/top-bitcoin-insiders-clandestinely-work-with-eu-leaked-emails-show
4,20,2016,wsj.com,http://www.wsj.com/articles/notable-quotable-when-bitcoin-grows-up-1461104888
4,20,2016,tanzanianewsreports.com,http://www.tanzanianewsreports.com/ph-miners-incs-new-deal-offers-3000-savings-on-bitcoin-and-litecoin-miners/
4,20,2016,ftseglobalmarkets.com,http://www.ftseglobalmarkets.com/events/third-party-events/blockchain-bitcoin-conference-prague.html
4,20,2016,cryptocoinsnews.com,https://www.cryptocoinsnews.com/p2p-money-transfer-firm-ceo-bitcoin-dead/
4,20,2016,bravenewcoin.com,http://bravenewcoin.com/news/segregated-witness-has-been-released-tackling-bitcoins-transaction-limit/
4,20,2016,institutionalinvestor.com,http://www.institutionalinvestor.com/blogarticle/3547273/how-blockchain-can-aid-dodd-frank-compliance/banking-and-capital-markets-trading-and-technology.html
4,20,2016,bankingtech.com,http://www.bankingtech.com/category/blockchainbitcoin/
4,20,2016,finextra.com,https://www.finextra.com/blogposting/12497/blockchain-its-coming-but-lets-prepare-the-ground
4,20,2016,bankingtech.com,http://www.bankingtech.com/476752/swift-business-forum-london-2016-blockchain-a-reconciliation-revolution/
4,20,2016,moneymanagement.com.au,http://www.moneymanagement.com.au/knowledge-centre/blockchain-technology-%E2%80%93-why-all-hype
4,20,2016,mondaq.com,http://mondaq.com/unitedstates/x/484476/Commodities+Derivatives+Stock+Exchanges/US+Commodity+Futures+Trading+Commission+Commissioner+Giancarlo+Discusses+Blockchain+Regulatory+Framework
4,20,2016,bravenewcoin.com,http://bravenewcoin.com/news/vc-investment-company-banking-on-blockchain-fund-joins-the-blockchain-investment-landscape/
4,20,2016,theepochtimes.com,http://www.theepochtimes.com/n3/2027695-worlds-first-peer-to-peer-energy-transaction-on-the-blockchain-has-arrived/
4,20,2016,cryptocoinsnews.com,https://www.cryptocoinsnews.com/peace-stability-blockchain-1/
4,20,2016,ftseglobalmarkets.com,http://www.ftseglobalmarkets.com/events/third-party-events/blockchain-bitcoin-conference-prague.html
4,20,2016,the-blockchain.com,http://www.the-blockchain.com/2016/04/20/blythe-masters-digital-asset-holdings-acquihires-a-switzerland-based-startup-elevence/
